埃尔姆_17411845,dataset/facedataset/items/埃尔姆_17411845/2015-09-14-1.jpg
埃尔姆_17411845,dataset/facedataset/items/埃尔姆_17411845/2015-09-14-10.jpg
埃尔姆_17411845,dataset/facedataset/items/埃尔姆_17411845/2015-09-14-11.jpg
埃尔姆_17411845,dataset/facedataset/items/埃尔姆_17411845/2015-09-14-12.jpg
埃尔姆_17411845,dataset/facedataset/items/埃尔姆_17411845/2015-09-14-13.jpg
埃尔姆_17411845,dataset/facedataset/items/埃尔姆_17411845/2015-09-14-14.jpg
埃尔姆_17411845,dataset/facedataset/items/埃尔姆_17411845/2015-09-14-15.jpg
埃尔姆_17411845,dataset/facedataset/items/埃尔姆_17411845/2015-09-14-16.jpg
埃尔姆_17411845,dataset/facedataset/items/埃尔姆_17411845/2015-09-14-17.jpg
埃尔姆_17411845,dataset/facedataset/items/埃尔姆_17411845/2015-09-14-18.jpg
埃尔姆_17411845,dataset/facedataset/items/埃尔姆_17411845/2015-09-14-19.jpg
埃尔姆_17411845,dataset/facedataset/items/埃尔姆_17411845/2015-09-14-2.jpg
埃尔姆_17411845,dataset/facedataset/items/埃尔姆_17411845/2015-09-14-20.jpg
埃尔姆_17411845,dataset/facedataset/items/埃尔姆_17411845/2015-09-14-21.jpg
埃尔姆_17411845,dataset/facedataset/items/埃尔姆_17411845/2015-09-14-22.jpg
埃尔姆_17411845,dataset/facedataset/items/埃尔姆_17411845/2015-09-14-23.jpg
埃尔姆_17411845,dataset/facedataset/items/埃尔姆_17411845/2015-09-14-24.jpg
埃尔姆_17411845,dataset/facedataset/items/埃尔姆_17411845/2015-09-14-25.jpg
埃尔姆_17411845,dataset/facedataset/items/埃尔姆_17411845/2015-09-14-26.jpg
埃尔姆_17411845,dataset/facedataset/items/埃尔姆_17411845/2015-09-14-27.jpg
埃尔姆_17411845,dataset/facedataset/items/埃尔姆_17411845/2015-09-14-28.jpg
埃尔姆_17411845,dataset/facedataset/items/埃尔姆_17411845/2015-09-14-29.jpg
埃尔姆_17411845,dataset/facedataset/items/埃尔姆_17411845/2015-09-14-3.jpg
埃尔姆_17411845,dataset/facedataset/items/埃尔姆_17411845/2015-09-14-30.jpg
埃尔姆_17411845,dataset/facedataset/items/埃尔姆_17411845/2015-09-14-31.jpg
埃尔姆_17411845,dataset/facedataset/items/埃尔姆_17411845/2015-09-14-32.jpg
埃尔姆_17411845,dataset/facedataset/items/埃尔姆_17411845/2015-09-14-33.jpg
埃尔姆_17411845,dataset/facedataset/items/埃尔姆_17411845/2015-09-14-34.jpg
埃尔姆_17411845,dataset/facedataset/items/埃尔姆_17411845/2015-09-14-35.jpg
埃尔姆_17411845,dataset/facedataset/items/埃尔姆_17411845/2015-09-14-36.jpg
埃尔姆_17411845,dataset/facedataset/items/埃尔姆_17411845/2015-09-14-37.jpg
埃尔姆_17411845,dataset/facedataset/items/埃尔姆_17411845/2015-09-14-38.jpg
埃尔姆_17411845,dataset/facedataset/items/埃尔姆_17411845/2015-09-14-39.jpg
埃尔姆_17411845,dataset/facedataset/items/埃尔姆_17411845/2015-09-14-4.jpg
埃尔姆_17411845,dataset/facedataset/items/埃尔姆_17411845/2015-09-14-40.jpg
埃尔姆_17411845,dataset/facedataset/items/埃尔姆_17411845/2015-09-14-5.jpg
埃尔姆_17411845,dataset/facedataset/items/埃尔姆_17411845/2015-09-14-6.jpg
埃尔姆_17411845,dataset/facedataset/items/埃尔姆_17411845/2015-09-14-7.jpg
埃尔姆_17411845,dataset/facedataset/items/埃尔姆_17411845/2015-09-14-8.jpg
埃尔姆_17411845,dataset/facedataset/items/埃尔姆_17411845/2015-09-14-9.jpg
埃尔姆_3434070,dataset/facedataset/items/埃尔姆_3434070/2015-09-14-1.jpg
埃尔姆_3434070,dataset/facedataset/items/埃尔姆_3434070/2015-09-14-10.jpg
埃尔姆_3434070,dataset/facedataset/items/埃尔姆_3434070/2015-09-14-11.jpg
埃尔姆_3434070,dataset/facedataset/items/埃尔姆_3434070/2015-09-14-12.jpg
埃尔姆_3434070,dataset/facedataset/items/埃尔姆_3434070/2015-09-14-13.jpg
埃尔姆_3434070,dataset/facedataset/items/埃尔姆_3434070/2015-09-14-14.jpg
埃尔姆_3434070,dataset/facedataset/items/埃尔姆_3434070/2015-09-14-15.jpg
埃尔姆_3434070,dataset/facedataset/items/埃尔姆_3434070/2015-09-14-16.jpg
埃尔姆_3434070,dataset/facedataset/items/埃尔姆_3434070/2015-09-14-17.jpg
埃尔姆_3434070,dataset/facedataset/items/埃尔姆_3434070/2015-09-14-18.jpg
埃尔姆_3434070,dataset/facedataset/items/埃尔姆_3434070/2015-09-14-19.jpg
埃尔姆_3434070,dataset/facedataset/items/埃尔姆_3434070/2015-09-14-2.jpg
埃尔姆_3434070,dataset/facedataset/items/埃尔姆_3434070/2015-09-14-20.jpg
埃尔姆_3434070,dataset/facedataset/items/埃尔姆_3434070/2015-09-14-3.jpg
埃尔姆_3434070,dataset/facedataset/items/埃尔姆_3434070/2015-09-14-4.jpg
埃尔姆_3434070,dataset/facedataset/items/埃尔姆_3434070/2015-09-14-5.jpg
埃尔姆_3434070,dataset/facedataset/items/埃尔姆_3434070/2015-09-14-6.jpg
埃尔姆_3434070,dataset/facedataset/items/埃尔姆_3434070/2015-09-14-7.jpg
埃尔姆_3434070,dataset/facedataset/items/埃尔姆_3434070/2015-09-14-8.jpg
埃尔姆_3434070,dataset/facedataset/items/埃尔姆_3434070/2015-09-14-9.jpg
阿信_4987536,dataset/facedataset/items/阿信_4987536/2015-09-14-1.jpg
阿信_4987536,dataset/facedataset/items/阿信_4987536/2015-09-14-10.jpg
阿信_4987536,dataset/facedataset/items/阿信_4987536/2015-09-14-100.jpg
阿信_4987536,dataset/facedataset/items/阿信_4987536/2015-09-14-101.jpg
阿信_4987536,dataset/facedataset/items/阿信_4987536/2015-09-14-102.jpg
阿信_4987536,dataset/facedataset/items/阿信_4987536/2015-09-14-103.jpg
阿信_4987536,dataset/facedataset/items/阿信_4987536/2015-09-14-104.jpg
阿信_4987536,dataset/facedataset/items/阿信_4987536/2015-09-14-105.jpg
阿信_4987536,dataset/facedataset/items/阿信_4987536/2015-09-14-106.jpg
阿信_4987536,dataset/facedataset/items/阿信_4987536/2015-09-14-107.jpg
阿信_4987536,dataset/facedataset/items/阿信_4987536/2015-09-14-108.jpg
阿信_4987536,dataset/facedataset/items/阿信_4987536/2015-09-14-109.jpg
阿信_4987536,dataset/facedataset/items/阿信_4987536/2015-09-14-11.jpg
阿信_4987536,dataset/facedataset/items/阿信_4987536/2015-09-14-110.jpg
阿信_4987536,dataset/facedataset/items/阿信_4987536/2015-09-14-111.jpg
阿信_4987536,dataset/facedataset/items/阿信_4987536/2015-09-14-112.jpg
阿信_4987536,dataset/facedataset/items/阿信_4987536/2015-09-14-113.jpg
阿信_4987536,dataset/facedataset/items/阿信_4987536/2015-09-14-114.jpg
阿信_4987536,dataset/facedataset/items/阿信_4987536/2015-09-14-115.jpg
阿信_4987536,dataset/facedataset/items/阿信_4987536/2015-09-14-116.jpg
阿信_4987536,dataset/facedataset/items/阿信_4987536/2015-09-14-117.jpg
阿信_4987536,dataset/facedataset/items/阿信_4987536/2015-09-14-118.jpg
阿信_4987536,dataset/facedataset/items/阿信_4987536/2015-09-14-119.jpg
阿信_4987536,dataset/facedataset/items/阿信_4987536/2015-09-14-12.jpg
阿信_4987536,dataset/facedataset/items/阿信_4987536/2015-09-14-120.jpg
阿信_4987536,dataset/facedataset/items/阿信_4987536/2015-09-14-121.jpg
阿信_4987536,dataset/facedataset/items/阿信_4987536/2015-09-14-122.jpg
阿信_4987536,dataset/facedataset/items/阿信_4987536/2015-09-14-123.jpg
阿信_4987536,dataset/facedataset/items/阿信_4987536/2015-09-14-124.jpg
阿信_4987536,dataset/facedataset/items/阿信_4987536/2015-09-14-125.jpg
阿信_4987536,dataset/facedataset/items/阿信_4987536/2015-09-14-126.jpg
阿信_4987536,dataset/facedataset/items/阿信_4987536/2015-09-14-127.jpg
阿信_4987536,dataset/facedataset/items/阿信_4987536/2015-09-14-128.jpg
阿信_4987536,dataset/facedataset/items/阿信_4987536/2015-09-14-129.jpg
阿信_4987536,dataset/facedataset/items/阿信_4987536/2015-09-14-13.jpg
阿信_4987536,dataset/facedataset/items/阿信_4987536/2015-09-14-130.jpg
阿信_4987536,dataset/facedataset/items/阿信_4987536/2015-09-14-131.jpg
阿信_4987536,dataset/facedataset/items/阿信_4987536/2015-09-14-132.jpg
阿信_4987536,dataset/facedataset/items/阿信_4987536/2015-09-14-133.jpg
阿信_4987536,dataset/facedataset/items/阿信_4987536/2015-09-14-134.jpg
阿信_4987536,dataset/facedataset/items/阿信_4987536/2015-09-14-135.jpg
阿信_4987536,dataset/facedataset/items/阿信_4987536/2015-09-14-136.jpg
阿信_4987536,dataset/facedataset/items/阿信_4987536/2015-09-14-137.jpg
阿信_4987536,dataset/facedataset/items/阿信_4987536/2015-09-14-138.jpg
阿信_4987536,dataset/facedataset/items/阿信_4987536/2015-09-14-139.jpg
阿信_4987536,dataset/facedataset/items/阿信_4987536/2015-09-14-14.jpg
阿信_4987536,dataset/facedataset/items/阿信_4987536/2015-09-14-140.jpg
阿信_4987536,dataset/facedataset/items/阿信_4987536/2015-09-14-141.jpg
阿信_4987536,dataset/facedataset/items/阿信_4987536/2015-09-14-142.jpg
阿信_4987536,dataset/facedataset/items/阿信_4987536/2015-09-14-143.jpg
阿信_4987536,dataset/facedataset/items/阿信_4987536/2015-09-14-144.jpg
阿信_4987536,dataset/facedataset/items/阿信_4987536/2015-09-14-145.jpg
阿信_4987536,dataset/facedataset/items/阿信_4987536/2015-09-14-146.jpg
阿信_4987536,dataset/facedataset/items/阿信_4987536/2015-09-14-147.jpg
阿信_4987536,dataset/facedataset/items/阿信_4987536/2015-09-14-148.jpg
阿信_4987536,dataset/facedataset/items/阿信_4987536/2015-09-14-149.jpg
阿信_4987536,dataset/facedataset/items/阿信_4987536/2015-09-14-15.jpg
阿信_4987536,dataset/facedataset/items/阿信_4987536/2015-09-14-150.jpg
阿信_4987536,dataset/facedataset/items/阿信_4987536/2015-09-14-151.jpg
阿信_4987536,dataset/facedataset/items/阿信_4987536/2015-09-14-16.jpg
阿信_4987536,dataset/facedataset/items/阿信_4987536/2015-09-14-17.jpg
阿信_4987536,dataset/facedataset/items/阿信_4987536/2015-09-14-18.jpg
阿信_4987536,dataset/facedataset/items/阿信_4987536/2015-09-14-19.jpg
阿信_4987536,dataset/facedataset/items/阿信_4987536/2015-09-14-2.jpg
阿信_4987536,dataset/facedataset/items/阿信_4987536/2015-09-14-20.jpg
阿信_4987536,dataset/facedataset/items/阿信_4987536/2015-09-14-21.jpg
阿信_4987536,dataset/facedataset/items/阿信_4987536/2015-09-14-22.jpg
阿信_4987536,dataset/facedataset/items/阿信_4987536/2015-09-14-23.jpg
阿信_4987536,dataset/facedataset/items/阿信_4987536/2015-09-14-24.jpg
阿信_4987536,dataset/facedataset/items/阿信_4987536/2015-09-14-25.jpg
阿信_4987536,dataset/facedataset/items/阿信_4987536/2015-09-14-26.jpg
阿信_4987536,dataset/facedataset/items/阿信_4987536/2015-09-14-27.jpg
阿信_4987536,dataset/facedataset/items/阿信_4987536/2015-09-14-28.jpg
阿信_4987536,dataset/facedataset/items/阿信_4987536/2015-09-14-29.jpg
阿信_4987536,dataset/facedataset/items/阿信_4987536/2015-09-14-3.jpg
阿信_4987536,dataset/facedataset/items/阿信_4987536/2015-09-14-30.jpg
阿信_4987536,dataset/facedataset/items/阿信_4987536/2015-09-14-31.jpg
阿信_4987536,dataset/facedataset/items/阿信_4987536/2015-09-14-32.jpg
阿信_4987536,dataset/facedataset/items/阿信_4987536/2015-09-14-33.jpg
阿信_4987536,dataset/facedataset/items/阿信_4987536/2015-09-14-34.jpg
阿信_4987536,dataset/facedataset/items/阿信_4987536/2015-09-14-35.jpg
阿信_4987536,dataset/facedataset/items/阿信_4987536/2015-09-14-36.jpg
阿信_4987536,dataset/facedataset/items/阿信_4987536/2015-09-14-37.jpg
阿信_4987536,dataset/facedataset/items/阿信_4987536/2015-09-14-38.jpg
阿信_4987536,dataset/facedataset/items/阿信_4987536/2015-09-14-39.jpg
阿信_4987536,dataset/facedataset/items/阿信_4987536/2015-09-14-4.jpg
阿信_4987536,dataset/facedataset/items/阿信_4987536/2015-09-14-40.jpg
阿信_4987536,dataset/facedataset/items/阿信_4987536/2015-09-14-41.jpg
阿信_4987536,dataset/facedataset/items/阿信_4987536/2015-09-14-42.jpg
阿信_4987536,dataset/facedataset/items/阿信_4987536/2015-09-14-43.jpg
阿信_4987536,dataset/facedataset/items/阿信_4987536/2015-09-14-44.jpg
阿信_4987536,dataset/facedataset/items/阿信_4987536/2015-09-14-45.jpg
阿信_4987536,dataset/facedataset/items/阿信_4987536/2015-09-14-46.jpg
阿信_4987536,dataset/facedataset/items/阿信_4987536/2015-09-14-47.jpg
阿信_4987536,dataset/facedataset/items/阿信_4987536/2015-09-14-48.jpg
阿信_4987536,dataset/facedataset/items/阿信_4987536/2015-09-14-49.jpg
阿信_4987536,dataset/facedataset/items/阿信_4987536/2015-09-14-5.jpg
阿信_4987536,dataset/facedataset/items/阿信_4987536/2015-09-14-50.jpg
阿信_4987536,dataset/facedataset/items/阿信_4987536/2015-09-14-51.jpg
阿信_4987536,dataset/facedataset/items/阿信_4987536/2015-09-14-52.jpg
阿信_4987536,dataset/facedataset/items/阿信_4987536/2015-09-14-53.jpg
阿信_4987536,dataset/facedataset/items/阿信_4987536/2015-09-14-54.jpg
阿信_4987536,dataset/facedataset/items/阿信_4987536/2015-09-14-55.jpg
阿信_4987536,dataset/facedataset/items/阿信_4987536/2015-09-14-56.jpg
阿信_4987536,dataset/facedataset/items/阿信_4987536/2015-09-14-57.jpg
阿信_4987536,dataset/facedataset/items/阿信_4987536/2015-09-14-58.jpg
阿信_4987536,dataset/facedataset/items/阿信_4987536/2015-09-14-59.jpg
阿信_4987536,dataset/facedataset/items/阿信_4987536/2015-09-14-6.jpg
阿信_4987536,dataset/facedataset/items/阿信_4987536/2015-09-14-60.jpg
阿信_4987536,dataset/facedataset/items/阿信_4987536/2015-09-14-61.jpg
阿信_4987536,dataset/facedataset/items/阿信_4987536/2015-09-14-62.jpg
阿信_4987536,dataset/facedataset/items/阿信_4987536/2015-09-14-63.jpg
阿信_4987536,dataset/facedataset/items/阿信_4987536/2015-09-14-64.jpg
阿信_4987536,dataset/facedataset/items/阿信_4987536/2015-09-14-65.jpg
阿信_4987536,dataset/facedataset/items/阿信_4987536/2015-09-14-66.jpg
阿信_4987536,dataset/facedataset/items/阿信_4987536/2015-09-14-67.jpg
阿信_4987536,dataset/facedataset/items/阿信_4987536/2015-09-14-68.jpg
阿信_4987536,dataset/facedataset/items/阿信_4987536/2015-09-14-69.jpg
阿信_4987536,dataset/facedataset/items/阿信_4987536/2015-09-14-7.jpg
阿信_4987536,dataset/facedataset/items/阿信_4987536/2015-09-14-70.jpg
阿信_4987536,dataset/facedataset/items/阿信_4987536/2015-09-14-71.jpg
阿信_4987536,dataset/facedataset/items/阿信_4987536/2015-09-14-72.jpg
阿信_4987536,dataset/facedataset/items/阿信_4987536/2015-09-14-73.jpg
阿信_4987536,dataset/facedataset/items/阿信_4987536/2015-09-14-74.jpg
阿信_4987536,dataset/facedataset/items/阿信_4987536/2015-09-14-75.jpg
阿信_4987536,dataset/facedataset/items/阿信_4987536/2015-09-14-76.jpg
阿信_4987536,dataset/facedataset/items/阿信_4987536/2015-09-14-77.jpg
阿信_4987536,dataset/facedataset/items/阿信_4987536/2015-09-14-78.jpg
阿信_4987536,dataset/facedataset/items/阿信_4987536/2015-09-14-79.jpg
阿信_4987536,dataset/facedataset/items/阿信_4987536/2015-09-14-8.jpg
阿信_4987536,dataset/facedataset/items/阿信_4987536/2015-09-14-80.jpg
阿信_4987536,dataset/facedataset/items/阿信_4987536/2015-09-14-81.jpg
阿信_4987536,dataset/facedataset/items/阿信_4987536/2015-09-14-82.jpg
阿信_4987536,dataset/facedataset/items/阿信_4987536/2015-09-14-83.jpg
阿信_4987536,dataset/facedataset/items/阿信_4987536/2015-09-14-84.jpg
阿信_4987536,dataset/facedataset/items/阿信_4987536/2015-09-14-85.jpg
阿信_4987536,dataset/facedataset/items/阿信_4987536/2015-09-14-86.jpg
阿信_4987536,dataset/facedataset/items/阿信_4987536/2015-09-14-87.jpg
阿信_4987536,dataset/facedataset/items/阿信_4987536/2015-09-14-88.jpg
阿信_4987536,dataset/facedataset/items/阿信_4987536/2015-09-14-89.jpg
阿信_4987536,dataset/facedataset/items/阿信_4987536/2015-09-14-9.jpg
阿信_4987536,dataset/facedataset/items/阿信_4987536/2015-09-14-90.jpg
阿信_4987536,dataset/facedataset/items/阿信_4987536/2015-09-14-91.jpg
阿信_4987536,dataset/facedataset/items/阿信_4987536/2015-09-14-92.jpg
阿信_4987536,dataset/facedataset/items/阿信_4987536/2015-09-14-93.jpg
阿信_4987536,dataset/facedataset/items/阿信_4987536/2015-09-14-94.jpg
阿信_4987536,dataset/facedataset/items/阿信_4987536/2015-09-14-95.jpg
阿信_4987536,dataset/facedataset/items/阿信_4987536/2015-09-14-96.jpg
阿信_4987536,dataset/facedataset/items/阿信_4987536/2015-09-14-97.jpg
阿信_4987536,dataset/facedataset/items/阿信_4987536/2015-09-14-98.jpg
阿信_4987536,dataset/facedataset/items/阿信_4987536/2015-09-14-99.jpg
阿克谢库马尔_3726361,dataset/facedataset/items/阿克谢库马尔_3726361/2015-09-14-1.jpg
阿克谢库马尔_3726361,dataset/facedataset/items/阿克谢库马尔_3726361/2015-09-14-10.jpg
阿克谢库马尔_3726361,dataset/facedataset/items/阿克谢库马尔_3726361/2015-09-14-2.jpg
阿克谢库马尔_3726361,dataset/facedataset/items/阿克谢库马尔_3726361/2015-09-14-3.jpg
阿克谢库马尔_3726361,dataset/facedataset/items/阿克谢库马尔_3726361/2015-09-14-4.jpg
阿克谢库马尔_3726361,dataset/facedataset/items/阿克谢库马尔_3726361/2015-09-14-5.jpg
阿克谢库马尔_3726361,dataset/facedataset/items/阿克谢库马尔_3726361/2015-09-14-6.jpg
阿克谢库马尔_3726361,dataset/facedataset/items/阿克谢库马尔_3726361/2015-09-14-7.jpg
阿克谢库马尔_3726361,dataset/facedataset/items/阿克谢库马尔_3726361/2015-09-14-8.jpg
阿克谢库马尔_3726361,dataset/facedataset/items/阿克谢库马尔_3726361/2015-09-14-9.jpg
阿利耶夫_7235415,dataset/facedataset/items/阿利耶夫_7235415/2015-09-14-1.jpg
阿利耶夫_7235415,dataset/facedataset/items/阿利耶夫_7235415/2015-09-14-10.jpg
阿利耶夫_7235415,dataset/facedataset/items/阿利耶夫_7235415/2015-09-14-2.jpg
阿利耶夫_7235415,dataset/facedataset/items/阿利耶夫_7235415/2015-09-14-3.jpg
阿利耶夫_7235415,dataset/facedataset/items/阿利耶夫_7235415/2015-09-14-4.jpg
阿利耶夫_7235415,dataset/facedataset/items/阿利耶夫_7235415/2015-09-14-5.jpg
阿利耶夫_7235415,dataset/facedataset/items/阿利耶夫_7235415/2015-09-14-6.jpg
阿利耶夫_7235415,dataset/facedataset/items/阿利耶夫_7235415/2015-09-14-7.jpg
阿利耶夫_7235415,dataset/facedataset/items/阿利耶夫_7235415/2015-09-14-8.jpg
阿利耶夫_7235415,dataset/facedataset/items/阿利耶夫_7235415/2015-09-14-9.jpg
阿奎莱拉_52629,dataset/facedataset/items/阿奎莱拉_52629/2015-09-14-1.jpg
阿奎莱拉_52629,dataset/facedataset/items/阿奎莱拉_52629/2015-09-14-10.jpg
阿奎莱拉_52629,dataset/facedataset/items/阿奎莱拉_52629/2015-09-14-2.jpg
阿奎莱拉_52629,dataset/facedataset/items/阿奎莱拉_52629/2015-09-14-3.jpg
阿奎莱拉_52629,dataset/facedataset/items/阿奎莱拉_52629/2015-09-14-4.jpg
阿奎莱拉_52629,dataset/facedataset/items/阿奎莱拉_52629/2015-09-14-5.jpg
阿奎莱拉_52629,dataset/facedataset/items/阿奎莱拉_52629/2015-09-14-6.jpg
阿奎莱拉_52629,dataset/facedataset/items/阿奎莱拉_52629/2015-09-14-7.jpg
阿奎莱拉_52629,dataset/facedataset/items/阿奎莱拉_52629/2015-09-14-8.jpg
阿奎莱拉_52629,dataset/facedataset/items/阿奎莱拉_52629/2015-09-14-9.jpg
阿弗莱克_438029,dataset/facedataset/items/阿弗莱克_438029/2015-09-14-1.jpg
阿弗莱克_438029,dataset/facedataset/items/阿弗莱克_438029/2015-09-14-10.jpg
阿弗莱克_438029,dataset/facedataset/items/阿弗莱克_438029/2015-09-14-2.jpg
阿弗莱克_438029,dataset/facedataset/items/阿弗莱克_438029/2015-09-14-3.jpg
阿弗莱克_438029,dataset/facedataset/items/阿弗莱克_438029/2015-09-14-4.jpg
阿弗莱克_438029,dataset/facedataset/items/阿弗莱克_438029/2015-09-14-5.jpg
阿弗莱克_438029,dataset/facedataset/items/阿弗莱克_438029/2015-09-14-6.jpg
阿弗莱克_438029,dataset/facedataset/items/阿弗莱克_438029/2015-09-14-7.jpg
阿弗莱克_438029,dataset/facedataset/items/阿弗莱克_438029/2015-09-14-8.jpg
阿弗莱克_438029,dataset/facedataset/items/阿弗莱克_438029/2015-09-14-9.jpg
阿弟仔_24587,dataset/facedataset/items/阿弟仔_24587/2015-09-14-1.jpg
阿弟仔_24587,dataset/facedataset/items/阿弟仔_24587/2015-09-14-10.jpg
阿弟仔_24587,dataset/facedataset/items/阿弟仔_24587/2015-09-14-2.jpg
阿弟仔_24587,dataset/facedataset/items/阿弟仔_24587/2015-09-14-3.jpg
阿弟仔_24587,dataset/facedataset/items/阿弟仔_24587/2015-09-14-4.jpg
阿弟仔_24587,dataset/facedataset/items/阿弟仔_24587/2015-09-14-5.jpg
阿弟仔_24587,dataset/facedataset/items/阿弟仔_24587/2015-09-14-6.jpg
阿弟仔_24587,dataset/facedataset/items/阿弟仔_24587/2015-09-14-7.jpg
阿弟仔_24587,dataset/facedataset/items/阿弟仔_24587/2015-09-14-8.jpg
阿弟仔_24587,dataset/facedataset/items/阿弟仔_24587/2015-09-14-9.jpg
阿德勒_236757,dataset/facedataset/items/阿德勒_236757/2015-09-14-1.jpg
阿德勒_236757,dataset/facedataset/items/阿德勒_236757/2015-09-14-10.jpg
阿德勒_236757,dataset/facedataset/items/阿德勒_236757/2015-09-14-2.jpg
阿德勒_236757,dataset/facedataset/items/阿德勒_236757/2015-09-14-3.jpg
阿德勒_236757,dataset/facedataset/items/阿德勒_236757/2015-09-14-4.jpg
阿德勒_236757,dataset/facedataset/items/阿德勒_236757/2015-09-14-5.jpg
阿德勒_236757,dataset/facedataset/items/阿德勒_236757/2015-09-14-6.jpg
阿德勒_236757,dataset/facedataset/items/阿德勒_236757/2015-09-14-7.jpg
阿德勒_236757,dataset/facedataset/items/阿德勒_236757/2015-09-14-8.jpg
阿德勒_236757,dataset/facedataset/items/阿德勒_236757/2015-09-14-9.jpg
阿德勒_6214766,dataset/facedataset/items/阿德勒_6214766/2015-09-14-1.jpg
阿德勒_6214766,dataset/facedataset/items/阿德勒_6214766/2015-09-14-10.jpg
阿德勒_6214766,dataset/facedataset/items/阿德勒_6214766/2015-09-14-2.jpg
阿德勒_6214766,dataset/facedataset/items/阿德勒_6214766/2015-09-14-3.jpg
阿德勒_6214766,dataset/facedataset/items/阿德勒_6214766/2015-09-14-4.jpg
阿德勒_6214766,dataset/facedataset/items/阿德勒_6214766/2015-09-14-5.jpg
阿德勒_6214766,dataset/facedataset/items/阿德勒_6214766/2015-09-14-6.jpg
阿德勒_6214766,dataset/facedataset/items/阿德勒_6214766/2015-09-14-7.jpg
阿德勒_6214766,dataset/facedataset/items/阿德勒_6214766/2015-09-14-8.jpg
阿德勒_6214766,dataset/facedataset/items/阿德勒_6214766/2015-09-14-9.jpg
阿木_9403446,dataset/facedataset/items/阿木_9403446/2015-09-14-1.jpg
阿木_9403446,dataset/facedataset/items/阿木_9403446/2015-09-14-10.jpg
阿木_9403446,dataset/facedataset/items/阿木_9403446/2015-09-14-100.jpg
阿木_9403446,dataset/facedataset/items/阿木_9403446/2015-09-14-101.jpg
阿木_9403446,dataset/facedataset/items/阿木_9403446/2015-09-14-102.jpg
阿木_9403446,dataset/facedataset/items/阿木_9403446/2015-09-14-103.jpg
阿木_9403446,dataset/facedataset/items/阿木_9403446/2015-09-14-104.jpg
阿木_9403446,dataset/facedataset/items/阿木_9403446/2015-09-14-105.jpg
阿木_9403446,dataset/facedataset/items/阿木_9403446/2015-09-14-106.jpg
阿木_9403446,dataset/facedataset/items/阿木_9403446/2015-09-14-107.jpg
阿木_9403446,dataset/facedataset/items/阿木_9403446/2015-09-14-108.jpg
阿木_9403446,dataset/facedataset/items/阿木_9403446/2015-09-14-109.jpg
阿木_9403446,dataset/facedataset/items/阿木_9403446/2015-09-14-11.jpg
阿木_9403446,dataset/facedataset/items/阿木_9403446/2015-09-14-110.jpg
阿木_9403446,dataset/facedataset/items/阿木_9403446/2015-09-14-111.jpg
阿木_9403446,dataset/facedataset/items/阿木_9403446/2015-09-14-112.jpg
阿木_9403446,dataset/facedataset/items/阿木_9403446/2015-09-14-113.jpg
阿木_9403446,dataset/facedataset/items/阿木_9403446/2015-09-14-114.jpg
阿木_9403446,dataset/facedataset/items/阿木_9403446/2015-09-14-115.jpg
阿木_9403446,dataset/facedataset/items/阿木_9403446/2015-09-14-116.jpg
阿木_9403446,dataset/facedataset/items/阿木_9403446/2015-09-14-117.jpg
阿木_9403446,dataset/facedataset/items/阿木_9403446/2015-09-14-118.jpg
阿木_9403446,dataset/facedataset/items/阿木_9403446/2015-09-14-119.jpg
阿木_9403446,dataset/facedataset/items/阿木_9403446/2015-09-14-12.jpg
阿木_9403446,dataset/facedataset/items/阿木_9403446/2015-09-14-120.jpg
阿木_9403446,dataset/facedataset/items/阿木_9403446/2015-09-14-121.jpg
阿木_9403446,dataset/facedataset/items/阿木_9403446/2015-09-14-122.jpg
阿木_9403446,dataset/facedataset/items/阿木_9403446/2015-09-14-123.jpg
阿木_9403446,dataset/facedataset/items/阿木_9403446/2015-09-14-124.jpg
阿木_9403446,dataset/facedataset/items/阿木_9403446/2015-09-14-125.jpg
阿木_9403446,dataset/facedataset/items/阿木_9403446/2015-09-14-126.jpg
阿木_9403446,dataset/facedataset/items/阿木_9403446/2015-09-14-127.jpg
阿木_9403446,dataset/facedataset/items/阿木_9403446/2015-09-14-128.jpg
阿木_9403446,dataset/facedataset/items/阿木_9403446/2015-09-14-129.jpg
阿木_9403446,dataset/facedataset/items/阿木_9403446/2015-09-14-13.jpg
阿木_9403446,dataset/facedataset/items/阿木_9403446/2015-09-14-130.jpg
阿木_9403446,dataset/facedataset/items/阿木_9403446/2015-09-14-131.jpg
阿木_9403446,dataset/facedataset/items/阿木_9403446/2015-09-14-132.jpg
阿木_9403446,dataset/facedataset/items/阿木_9403446/2015-09-14-133.jpg
阿木_9403446,dataset/facedataset/items/阿木_9403446/2015-09-14-134.jpg
阿木_9403446,dataset/facedataset/items/阿木_9403446/2015-09-14-135.jpg
阿木_9403446,dataset/facedataset/items/阿木_9403446/2015-09-14-136.jpg
阿木_9403446,dataset/facedataset/items/阿木_9403446/2015-09-14-137.jpg
阿木_9403446,dataset/facedataset/items/阿木_9403446/2015-09-14-138.jpg
阿木_9403446,dataset/facedataset/items/阿木_9403446/2015-09-14-139.jpg
阿木_9403446,dataset/facedataset/items/阿木_9403446/2015-09-14-14.jpg
阿木_9403446,dataset/facedataset/items/阿木_9403446/2015-09-14-140.jpg
阿木_9403446,dataset/facedataset/items/阿木_9403446/2015-09-14-141.jpg
阿木_9403446,dataset/facedataset/items/阿木_9403446/2015-09-14-142.jpg
阿木_9403446,dataset/facedataset/items/阿木_9403446/2015-09-14-143.jpg
阿木_9403446,dataset/facedataset/items/阿木_9403446/2015-09-14-144.jpg
阿木_9403446,dataset/facedataset/items/阿木_9403446/2015-09-14-145.jpg
阿木_9403446,dataset/facedataset/items/阿木_9403446/2015-09-14-15.jpg
阿木_9403446,dataset/facedataset/items/阿木_9403446/2015-09-14-16.jpg
阿木_9403446,dataset/facedataset/items/阿木_9403446/2015-09-14-17.jpg
阿木_9403446,dataset/facedataset/items/阿木_9403446/2015-09-14-18.jpg
阿木_9403446,dataset/facedataset/items/阿木_9403446/2015-09-14-19.jpg
阿木_9403446,dataset/facedataset/items/阿木_9403446/2015-09-14-2.jpg
阿木_9403446,dataset/facedataset/items/阿木_9403446/2015-09-14-20.jpg
阿木_9403446,dataset/facedataset/items/阿木_9403446/2015-09-14-21.jpg
阿木_9403446,dataset/facedataset/items/阿木_9403446/2015-09-14-22.jpg
阿木_9403446,dataset/facedataset/items/阿木_9403446/2015-09-14-23.jpg
阿木_9403446,dataset/facedataset/items/阿木_9403446/2015-09-14-24.jpg
阿木_9403446,dataset/facedataset/items/阿木_9403446/2015-09-14-25.jpg
阿木_9403446,dataset/facedataset/items/阿木_9403446/2015-09-14-26.jpg
阿木_9403446,dataset/facedataset/items/阿木_9403446/2015-09-14-27.jpg
阿木_9403446,dataset/facedataset/items/阿木_9403446/2015-09-14-28.jpg
阿木_9403446,dataset/facedataset/items/阿木_9403446/2015-09-14-29.jpg
阿木_9403446,dataset/facedataset/items/阿木_9403446/2015-09-14-3.jpg
阿木_9403446,dataset/facedataset/items/阿木_9403446/2015-09-14-30.jpg
阿木_9403446,dataset/facedataset/items/阿木_9403446/2015-09-14-31.jpg
阿木_9403446,dataset/facedataset/items/阿木_9403446/2015-09-14-32.jpg
阿木_9403446,dataset/facedataset/items/阿木_9403446/2015-09-14-33.jpg
阿木_9403446,dataset/facedataset/items/阿木_9403446/2015-09-14-34.jpg
阿木_9403446,dataset/facedataset/items/阿木_9403446/2015-09-14-35.jpg
阿木_9403446,dataset/facedataset/items/阿木_9403446/2015-09-14-36.jpg
阿木_9403446,dataset/facedataset/items/阿木_9403446/2015-09-14-37.jpg
阿木_9403446,dataset/facedataset/items/阿木_9403446/2015-09-14-38.jpg
阿木_9403446,dataset/facedataset/items/阿木_9403446/2015-09-14-39.jpg
阿木_9403446,dataset/facedataset/items/阿木_9403446/2015-09-14-4.jpg
阿木_9403446,dataset/facedataset/items/阿木_9403446/2015-09-14-40.jpg
阿木_9403446,dataset/facedataset/items/阿木_9403446/2015-09-14-41.jpg
阿木_9403446,dataset/facedataset/items/阿木_9403446/2015-09-14-42.jpg
阿木_9403446,dataset/facedataset/items/阿木_9403446/2015-09-14-43.jpg
阿木_9403446,dataset/facedataset/items/阿木_9403446/2015-09-14-44.jpg
阿木_9403446,dataset/facedataset/items/阿木_9403446/2015-09-14-45.jpg
阿木_9403446,dataset/facedataset/items/阿木_9403446/2015-09-14-46.jpg
阿木_9403446,dataset/facedataset/items/阿木_9403446/2015-09-14-47.jpg
阿木_9403446,dataset/facedataset/items/阿木_9403446/2015-09-14-48.jpg
阿木_9403446,dataset/facedataset/items/阿木_9403446/2015-09-14-49.jpg
阿木_9403446,dataset/facedataset/items/阿木_9403446/2015-09-14-5.jpg
阿木_9403446,dataset/facedataset/items/阿木_9403446/2015-09-14-50.jpg
阿木_9403446,dataset/facedataset/items/阿木_9403446/2015-09-14-51.jpg
阿木_9403446,dataset/facedataset/items/阿木_9403446/2015-09-14-52.jpg
阿木_9403446,dataset/facedataset/items/阿木_9403446/2015-09-14-53.jpg
阿木_9403446,dataset/facedataset/items/阿木_9403446/2015-09-14-54.jpg
阿木_9403446,dataset/facedataset/items/阿木_9403446/2015-09-14-55.jpg
阿木_9403446,dataset/facedataset/items/阿木_9403446/2015-09-14-56.jpg
阿木_9403446,dataset/facedataset/items/阿木_9403446/2015-09-14-57.jpg
阿木_9403446,dataset/facedataset/items/阿木_9403446/2015-09-14-58.jpg
阿木_9403446,dataset/facedataset/items/阿木_9403446/2015-09-14-59.jpg
阿木_9403446,dataset/facedataset/items/阿木_9403446/2015-09-14-6.jpg
阿木_9403446,dataset/facedataset/items/阿木_9403446/2015-09-14-60.jpg
阿木_9403446,dataset/facedataset/items/阿木_9403446/2015-09-14-61.jpg
阿木_9403446,dataset/facedataset/items/阿木_9403446/2015-09-14-62.jpg
阿木_9403446,dataset/facedataset/items/阿木_9403446/2015-09-14-63.jpg
阿木_9403446,dataset/facedataset/items/阿木_9403446/2015-09-14-64.jpg
阿木_9403446,dataset/facedataset/items/阿木_9403446/2015-09-14-65.jpg
阿木_9403446,dataset/facedataset/items/阿木_9403446/2015-09-14-66.jpg
阿木_9403446,dataset/facedataset/items/阿木_9403446/2015-09-14-67.jpg
阿木_9403446,dataset/facedataset/items/阿木_9403446/2015-09-14-68.jpg
阿木_9403446,dataset/facedataset/items/阿木_9403446/2015-09-14-69.jpg
阿木_9403446,dataset/facedataset/items/阿木_9403446/2015-09-14-7.jpg
阿木_9403446,dataset/facedataset/items/阿木_9403446/2015-09-14-70.jpg
阿木_9403446,dataset/facedataset/items/阿木_9403446/2015-09-14-71.jpg
阿木_9403446,dataset/facedataset/items/阿木_9403446/2015-09-14-72.jpg
阿木_9403446,dataset/facedataset/items/阿木_9403446/2015-09-14-73.jpg
阿木_9403446,dataset/facedataset/items/阿木_9403446/2015-09-14-74.jpg
阿木_9403446,dataset/facedataset/items/阿木_9403446/2015-09-14-75.jpg
阿木_9403446,dataset/facedataset/items/阿木_9403446/2015-09-14-76.jpg
阿木_9403446,dataset/facedataset/items/阿木_9403446/2015-09-14-77.jpg
阿木_9403446,dataset/facedataset/items/阿木_9403446/2015-09-14-78.jpg
阿木_9403446,dataset/facedataset/items/阿木_9403446/2015-09-14-79.jpg
阿木_9403446,dataset/facedataset/items/阿木_9403446/2015-09-14-8.jpg
阿木_9403446,dataset/facedataset/items/阿木_9403446/2015-09-14-80.jpg
阿木_9403446,dataset/facedataset/items/阿木_9403446/2015-09-14-81.jpg
阿木_9403446,dataset/facedataset/items/阿木_9403446/2015-09-14-82.jpg
阿木_9403446,dataset/facedataset/items/阿木_9403446/2015-09-14-83.jpg
阿木_9403446,dataset/facedataset/items/阿木_9403446/2015-09-14-84.jpg
阿木_9403446,dataset/facedataset/items/阿木_9403446/2015-09-14-85.jpg
阿木_9403446,dataset/facedataset/items/阿木_9403446/2015-09-14-86.jpg
阿木_9403446,dataset/facedataset/items/阿木_9403446/2015-09-14-87.jpg
阿木_9403446,dataset/facedataset/items/阿木_9403446/2015-09-14-88.jpg
阿木_9403446,dataset/facedataset/items/阿木_9403446/2015-09-14-89.jpg
阿木_9403446,dataset/facedataset/items/阿木_9403446/2015-09-14-9.jpg
阿木_9403446,dataset/facedataset/items/阿木_9403446/2015-09-14-90.jpg
阿木_9403446,dataset/facedataset/items/阿木_9403446/2015-09-14-91.jpg
阿木_9403446,dataset/facedataset/items/阿木_9403446/2015-09-14-92.jpg
阿木_9403446,dataset/facedataset/items/阿木_9403446/2015-09-14-93.jpg
阿木_9403446,dataset/facedataset/items/阿木_9403446/2015-09-14-94.jpg
阿木_9403446,dataset/facedataset/items/阿木_9403446/2015-09-14-95.jpg
阿木_9403446,dataset/facedataset/items/阿木_9403446/2015-09-14-96.jpg
阿木_9403446,dataset/facedataset/items/阿木_9403446/2015-09-14-97.jpg
阿木_9403446,dataset/facedataset/items/阿木_9403446/2015-09-14-98.jpg
阿木_9403446,dataset/facedataset/items/阿木_9403446/2015-09-14-99.jpg
阿杜_17407459,dataset/facedataset/items/阿杜_17407459/2015-09-14-1.jpg
阿杜_17407459,dataset/facedataset/items/阿杜_17407459/2015-09-14-10.jpg
阿杜_17407459,dataset/facedataset/items/阿杜_17407459/2015-09-14-2.jpg
阿杜_17407459,dataset/facedataset/items/阿杜_17407459/2015-09-14-3.jpg
阿杜_17407459,dataset/facedataset/items/阿杜_17407459/2015-09-14-4.jpg
阿杜_17407459,dataset/facedataset/items/阿杜_17407459/2015-09-14-5.jpg
阿杜_17407459,dataset/facedataset/items/阿杜_17407459/2015-09-14-6.jpg
阿杜_17407459,dataset/facedataset/items/阿杜_17407459/2015-09-14-7.jpg
阿杜_17407459,dataset/facedataset/items/阿杜_17407459/2015-09-14-8.jpg
阿杜_17407459,dataset/facedataset/items/阿杜_17407459/2015-09-14-9.jpg
阿桑_17172,dataset/facedataset/items/阿桑_17172/2015-09-14-1.jpg
阿桑_17172,dataset/facedataset/items/阿桑_17172/2015-09-14-10.jpg
阿桑_17172,dataset/facedataset/items/阿桑_17172/2015-09-14-100.jpg
阿桑_17172,dataset/facedataset/items/阿桑_17172/2015-09-14-101.jpg
阿桑_17172,dataset/facedataset/items/阿桑_17172/2015-09-14-102.jpg
阿桑_17172,dataset/facedataset/items/阿桑_17172/2015-09-14-103.jpg
阿桑_17172,dataset/facedataset/items/阿桑_17172/2015-09-14-104.jpg
阿桑_17172,dataset/facedataset/items/阿桑_17172/2015-09-14-105.jpg
阿桑_17172,dataset/facedataset/items/阿桑_17172/2015-09-14-106.jpg
阿桑_17172,dataset/facedataset/items/阿桑_17172/2015-09-14-107.jpg
阿桑_17172,dataset/facedataset/items/阿桑_17172/2015-09-14-108.jpg
阿桑_17172,dataset/facedataset/items/阿桑_17172/2015-09-14-109.jpg
阿桑_17172,dataset/facedataset/items/阿桑_17172/2015-09-14-11.jpg
阿桑_17172,dataset/facedataset/items/阿桑_17172/2015-09-14-110.jpg
阿桑_17172,dataset/facedataset/items/阿桑_17172/2015-09-14-111.jpg
阿桑_17172,dataset/facedataset/items/阿桑_17172/2015-09-14-112.jpg
阿桑_17172,dataset/facedataset/items/阿桑_17172/2015-09-14-113.jpg
阿桑_17172,dataset/facedataset/items/阿桑_17172/2015-09-14-114.jpg
阿桑_17172,dataset/facedataset/items/阿桑_17172/2015-09-14-115.jpg
阿桑_17172,dataset/facedataset/items/阿桑_17172/2015-09-14-116.jpg
阿桑_17172,dataset/facedataset/items/阿桑_17172/2015-09-14-117.jpg
阿桑_17172,dataset/facedataset/items/阿桑_17172/2015-09-14-118.jpg
阿桑_17172,dataset/facedataset/items/阿桑_17172/2015-09-14-119.jpg
阿桑_17172,dataset/facedataset/items/阿桑_17172/2015-09-14-12.jpg
阿桑_17172,dataset/facedataset/items/阿桑_17172/2015-09-14-120.jpg
阿桑_17172,dataset/facedataset/items/阿桑_17172/2015-09-14-121.jpg
阿桑_17172,dataset/facedataset/items/阿桑_17172/2015-09-14-122.jpg
阿桑_17172,dataset/facedataset/items/阿桑_17172/2015-09-14-123.jpg
阿桑_17172,dataset/facedataset/items/阿桑_17172/2015-09-14-124.jpg
阿桑_17172,dataset/facedataset/items/阿桑_17172/2015-09-14-125.jpg
阿桑_17172,dataset/facedataset/items/阿桑_17172/2015-09-14-126.jpg
阿桑_17172,dataset/facedataset/items/阿桑_17172/2015-09-14-127.jpg
阿桑_17172,dataset/facedataset/items/阿桑_17172/2015-09-14-128.jpg
阿桑_17172,dataset/facedataset/items/阿桑_17172/2015-09-14-129.jpg
阿桑_17172,dataset/facedataset/items/阿桑_17172/2015-09-14-13.jpg
阿桑_17172,dataset/facedataset/items/阿桑_17172/2015-09-14-130.jpg
阿桑_17172,dataset/facedataset/items/阿桑_17172/2015-09-14-131.jpg
阿桑_17172,dataset/facedataset/items/阿桑_17172/2015-09-14-132.jpg
阿桑_17172,dataset/facedataset/items/阿桑_17172/2015-09-14-133.jpg
阿桑_17172,dataset/facedataset/items/阿桑_17172/2015-09-14-134.jpg
阿桑_17172,dataset/facedataset/items/阿桑_17172/2015-09-14-135.jpg
阿桑_17172,dataset/facedataset/items/阿桑_17172/2015-09-14-136.jpg
阿桑_17172,dataset/facedataset/items/阿桑_17172/2015-09-14-137.jpg
阿桑_17172,dataset/facedataset/items/阿桑_17172/2015-09-14-138.jpg
阿桑_17172,dataset/facedataset/items/阿桑_17172/2015-09-14-139.jpg
阿桑_17172,dataset/facedataset/items/阿桑_17172/2015-09-14-14.jpg
阿桑_17172,dataset/facedataset/items/阿桑_17172/2015-09-14-140.jpg
阿桑_17172,dataset/facedataset/items/阿桑_17172/2015-09-14-141.jpg
阿桑_17172,dataset/facedataset/items/阿桑_17172/2015-09-14-142.jpg
阿桑_17172,dataset/facedataset/items/阿桑_17172/2015-09-14-143.jpg
阿桑_17172,dataset/facedataset/items/阿桑_17172/2015-09-14-144.jpg
阿桑_17172,dataset/facedataset/items/阿桑_17172/2015-09-14-145.jpg
阿桑_17172,dataset/facedataset/items/阿桑_17172/2015-09-14-146.jpg
阿桑_17172,dataset/facedataset/items/阿桑_17172/2015-09-14-147.jpg
阿桑_17172,dataset/facedataset/items/阿桑_17172/2015-09-14-148.jpg
阿桑_17172,dataset/facedataset/items/阿桑_17172/2015-09-14-149.jpg
阿桑_17172,dataset/facedataset/items/阿桑_17172/2015-09-14-15.jpg
阿桑_17172,dataset/facedataset/items/阿桑_17172/2015-09-14-150.jpg
阿桑_17172,dataset/facedataset/items/阿桑_17172/2015-09-14-151.jpg
阿桑_17172,dataset/facedataset/items/阿桑_17172/2015-09-14-152.jpg
阿桑_17172,dataset/facedataset/items/阿桑_17172/2015-09-14-153.jpg
阿桑_17172,dataset/facedataset/items/阿桑_17172/2015-09-14-154.jpg
阿桑_17172,dataset/facedataset/items/阿桑_17172/2015-09-14-155.jpg
阿桑_17172,dataset/facedataset/items/阿桑_17172/2015-09-14-156.jpg
阿桑_17172,dataset/facedataset/items/阿桑_17172/2015-09-14-157.jpg
阿桑_17172,dataset/facedataset/items/阿桑_17172/2015-09-14-158.jpg
阿桑_17172,dataset/facedataset/items/阿桑_17172/2015-09-14-159.jpg
阿桑_17172,dataset/facedataset/items/阿桑_17172/2015-09-14-16.jpg
阿桑_17172,dataset/facedataset/items/阿桑_17172/2015-09-14-160.jpg
阿桑_17172,dataset/facedataset/items/阿桑_17172/2015-09-14-161.jpg
阿桑_17172,dataset/facedataset/items/阿桑_17172/2015-09-14-162.jpg
阿桑_17172,dataset/facedataset/items/阿桑_17172/2015-09-14-163.jpg
阿桑_17172,dataset/facedataset/items/阿桑_17172/2015-09-14-164.jpg
阿桑_17172,dataset/facedataset/items/阿桑_17172/2015-09-14-165.jpg
阿桑_17172,dataset/facedataset/items/阿桑_17172/2015-09-14-166.jpg
阿桑_17172,dataset/facedataset/items/阿桑_17172/2015-09-14-167.jpg
阿桑_17172,dataset/facedataset/items/阿桑_17172/2015-09-14-168.jpg
阿桑_17172,dataset/facedataset/items/阿桑_17172/2015-09-14-169.jpg
阿桑_17172,dataset/facedataset/items/阿桑_17172/2015-09-14-17.jpg
阿桑_17172,dataset/facedataset/items/阿桑_17172/2015-09-14-170.jpg
阿桑_17172,dataset/facedataset/items/阿桑_17172/2015-09-14-171.jpg
阿桑_17172,dataset/facedataset/items/阿桑_17172/2015-09-14-172.jpg
阿桑_17172,dataset/facedataset/items/阿桑_17172/2015-09-14-173.jpg
阿桑_17172,dataset/facedataset/items/阿桑_17172/2015-09-14-174.jpg
阿桑_17172,dataset/facedataset/items/阿桑_17172/2015-09-14-175.jpg
阿桑_17172,dataset/facedataset/items/阿桑_17172/2015-09-14-176.jpg
阿桑_17172,dataset/facedataset/items/阿桑_17172/2015-09-14-177.jpg
阿桑_17172,dataset/facedataset/items/阿桑_17172/2015-09-14-178.jpg
阿桑_17172,dataset/facedataset/items/阿桑_17172/2015-09-14-179.jpg
阿桑_17172,dataset/facedataset/items/阿桑_17172/2015-09-14-18.jpg
阿桑_17172,dataset/facedataset/items/阿桑_17172/2015-09-14-180.jpg
阿桑_17172,dataset/facedataset/items/阿桑_17172/2015-09-14-181.jpg
阿桑_17172,dataset/facedataset/items/阿桑_17172/2015-09-14-182.jpg
阿桑_17172,dataset/facedataset/items/阿桑_17172/2015-09-14-183.jpg
阿桑_17172,dataset/facedataset/items/阿桑_17172/2015-09-14-184.jpg
阿桑_17172,dataset/facedataset/items/阿桑_17172/2015-09-14-185.jpg
阿桑_17172,dataset/facedataset/items/阿桑_17172/2015-09-14-186.jpg
阿桑_17172,dataset/facedataset/items/阿桑_17172/2015-09-14-187.jpg
阿桑_17172,dataset/facedataset/items/阿桑_17172/2015-09-14-188.jpg
阿桑_17172,dataset/facedataset/items/阿桑_17172/2015-09-14-189.jpg
阿桑_17172,dataset/facedataset/items/阿桑_17172/2015-09-14-19.jpg
阿桑_17172,dataset/facedataset/items/阿桑_17172/2015-09-14-190.jpg
阿桑_17172,dataset/facedataset/items/阿桑_17172/2015-09-14-191.jpg
阿桑_17172,dataset/facedataset/items/阿桑_17172/2015-09-14-192.jpg
阿桑_17172,dataset/facedataset/items/阿桑_17172/2015-09-14-193.jpg
阿桑_17172,dataset/facedataset/items/阿桑_17172/2015-09-14-194.jpg
阿桑_17172,dataset/facedataset/items/阿桑_17172/2015-09-14-195.jpg
阿桑_17172,dataset/facedataset/items/阿桑_17172/2015-09-14-196.jpg
阿桑_17172,dataset/facedataset/items/阿桑_17172/2015-09-14-197.jpg
阿桑_17172,dataset/facedataset/items/阿桑_17172/2015-09-14-198.jpg
阿桑_17172,dataset/facedataset/items/阿桑_17172/2015-09-14-199.jpg
阿桑_17172,dataset/facedataset/items/阿桑_17172/2015-09-14-2.jpg
阿桑_17172,dataset/facedataset/items/阿桑_17172/2015-09-14-20.jpg
阿桑_17172,dataset/facedataset/items/阿桑_17172/2015-09-14-200.jpg
阿桑_17172,dataset/facedataset/items/阿桑_17172/2015-09-14-201.jpg
阿桑_17172,dataset/facedataset/items/阿桑_17172/2015-09-14-202.jpg
阿桑_17172,dataset/facedataset/items/阿桑_17172/2015-09-14-203.jpg
阿桑_17172,dataset/facedataset/items/阿桑_17172/2015-09-14-204.jpg
阿桑_17172,dataset/facedataset/items/阿桑_17172/2015-09-14-205.jpg
阿桑_17172,dataset/facedataset/items/阿桑_17172/2015-09-14-206.jpg
阿桑_17172,dataset/facedataset/items/阿桑_17172/2015-09-14-207.jpg
阿桑_17172,dataset/facedataset/items/阿桑_17172/2015-09-14-208.jpg
阿桑_17172,dataset/facedataset/items/阿桑_17172/2015-09-14-209.jpg
阿桑_17172,dataset/facedataset/items/阿桑_17172/2015-09-14-21.jpg
阿桑_17172,dataset/facedataset/items/阿桑_17172/2015-09-14-210.jpg
阿桑_17172,dataset/facedataset/items/阿桑_17172/2015-09-14-211.jpg
阿桑_17172,dataset/facedataset/items/阿桑_17172/2015-09-14-212.jpg
阿桑_17172,dataset/facedataset/items/阿桑_17172/2015-09-14-213.jpg
阿桑_17172,dataset/facedataset/items/阿桑_17172/2015-09-14-214.jpg
阿桑_17172,dataset/facedataset/items/阿桑_17172/2015-09-14-215.jpg
阿桑_17172,dataset/facedataset/items/阿桑_17172/2015-09-14-216.jpg
阿桑_17172,dataset/facedataset/items/阿桑_17172/2015-09-14-217.jpg
阿桑_17172,dataset/facedataset/items/阿桑_17172/2015-09-14-22.jpg
阿桑_17172,dataset/facedataset/items/阿桑_17172/2015-09-14-23.jpg
阿桑_17172,dataset/facedataset/items/阿桑_17172/2015-09-14-24.jpg
阿桑_17172,dataset/facedataset/items/阿桑_17172/2015-09-14-25.jpg
阿桑_17172,dataset/facedataset/items/阿桑_17172/2015-09-14-26.jpg
阿桑_17172,dataset/facedataset/items/阿桑_17172/2015-09-14-27.jpg
阿桑_17172,dataset/facedataset/items/阿桑_17172/2015-09-14-28.jpg
阿桑_17172,dataset/facedataset/items/阿桑_17172/2015-09-14-29.jpg
阿桑_17172,dataset/facedataset/items/阿桑_17172/2015-09-14-3.jpg
阿桑_17172,dataset/facedataset/items/阿桑_17172/2015-09-14-30.jpg
阿桑_17172,dataset/facedataset/items/阿桑_17172/2015-09-14-31.jpg
阿桑_17172,dataset/facedataset/items/阿桑_17172/2015-09-14-32.jpg
阿桑_17172,dataset/facedataset/items/阿桑_17172/2015-09-14-33.jpg
阿桑_17172,dataset/facedataset/items/阿桑_17172/2015-09-14-34.jpg
阿桑_17172,dataset/facedataset/items/阿桑_17172/2015-09-14-35.jpg
阿桑_17172,dataset/facedataset/items/阿桑_17172/2015-09-14-36.jpg
阿桑_17172,dataset/facedataset/items/阿桑_17172/2015-09-14-37.jpg
阿桑_17172,dataset/facedataset/items/阿桑_17172/2015-09-14-38.jpg
阿桑_17172,dataset/facedataset/items/阿桑_17172/2015-09-14-39.jpg
阿桑_17172,dataset/facedataset/items/阿桑_17172/2015-09-14-4.jpg
阿桑_17172,dataset/facedataset/items/阿桑_17172/2015-09-14-40.jpg
阿桑_17172,dataset/facedataset/items/阿桑_17172/2015-09-14-41.jpg
阿桑_17172,dataset/facedataset/items/阿桑_17172/2015-09-14-42.jpg
阿桑_17172,dataset/facedataset/items/阿桑_17172/2015-09-14-43.jpg
阿桑_17172,dataset/facedataset/items/阿桑_17172/2015-09-14-44.jpg
阿桑_17172,dataset/facedataset/items/阿桑_17172/2015-09-14-45.jpg
阿桑_17172,dataset/facedataset/items/阿桑_17172/2015-09-14-46.jpg
阿桑_17172,dataset/facedataset/items/阿桑_17172/2015-09-14-47.jpg
阿桑_17172,dataset/facedataset/items/阿桑_17172/2015-09-14-48.jpg
阿桑_17172,dataset/facedataset/items/阿桑_17172/2015-09-14-49.jpg
阿桑_17172,dataset/facedataset/items/阿桑_17172/2015-09-14-5.jpg
阿桑_17172,dataset/facedataset/items/阿桑_17172/2015-09-14-50.jpg
阿桑_17172,dataset/facedataset/items/阿桑_17172/2015-09-14-51.jpg
阿桑_17172,dataset/facedataset/items/阿桑_17172/2015-09-14-52.jpg
阿桑_17172,dataset/facedataset/items/阿桑_17172/2015-09-14-53.jpg
阿桑_17172,dataset/facedataset/items/阿桑_17172/2015-09-14-54.jpg
阿桑_17172,dataset/facedataset/items/阿桑_17172/2015-09-14-55.jpg
阿桑_17172,dataset/facedataset/items/阿桑_17172/2015-09-14-56.jpg
阿桑_17172,dataset/facedataset/items/阿桑_17172/2015-09-14-57.jpg
阿桑_17172,dataset/facedataset/items/阿桑_17172/2015-09-14-58.jpg
阿桑_17172,dataset/facedataset/items/阿桑_17172/2015-09-14-59.jpg
阿桑_17172,dataset/facedataset/items/阿桑_17172/2015-09-14-6.jpg
阿桑_17172,dataset/facedataset/items/阿桑_17172/2015-09-14-60.jpg
阿桑_17172,dataset/facedataset/items/阿桑_17172/2015-09-14-61.jpg
阿桑_17172,dataset/facedataset/items/阿桑_17172/2015-09-14-62.jpg
阿桑_17172,dataset/facedataset/items/阿桑_17172/2015-09-14-63.jpg
阿桑_17172,dataset/facedataset/items/阿桑_17172/2015-09-14-64.jpg
阿桑_17172,dataset/facedataset/items/阿桑_17172/2015-09-14-65.jpg
阿桑_17172,dataset/facedataset/items/阿桑_17172/2015-09-14-66.jpg
阿桑_17172,dataset/facedataset/items/阿桑_17172/2015-09-14-67.jpg
阿桑_17172,dataset/facedataset/items/阿桑_17172/2015-09-14-68.jpg
阿桑_17172,dataset/facedataset/items/阿桑_17172/2015-09-14-69.jpg
阿桑_17172,dataset/facedataset/items/阿桑_17172/2015-09-14-7.jpg
阿桑_17172,dataset/facedataset/items/阿桑_17172/2015-09-14-70.jpg
阿桑_17172,dataset/facedataset/items/阿桑_17172/2015-09-14-71.jpg
阿桑_17172,dataset/facedataset/items/阿桑_17172/2015-09-14-72.jpg
阿桑_17172,dataset/facedataset/items/阿桑_17172/2015-09-14-73.jpg
阿桑_17172,dataset/facedataset/items/阿桑_17172/2015-09-14-74.jpg
阿桑_17172,dataset/facedataset/items/阿桑_17172/2015-09-14-75.jpg
阿桑_17172,dataset/facedataset/items/阿桑_17172/2015-09-14-76.jpg
阿桑_17172,dataset/facedataset/items/阿桑_17172/2015-09-14-77.jpg
阿桑_17172,dataset/facedataset/items/阿桑_17172/2015-09-14-78.jpg
阿桑_17172,dataset/facedataset/items/阿桑_17172/2015-09-14-79.jpg
阿桑_17172,dataset/facedataset/items/阿桑_17172/2015-09-14-8.jpg
阿桑_17172,dataset/facedataset/items/阿桑_17172/2015-09-14-80.jpg
阿桑_17172,dataset/facedataset/items/阿桑_17172/2015-09-14-81.jpg
阿桑_17172,dataset/facedataset/items/阿桑_17172/2015-09-14-82.jpg
阿桑_17172,dataset/facedataset/items/阿桑_17172/2015-09-14-83.jpg
阿桑_17172,dataset/facedataset/items/阿桑_17172/2015-09-14-84.jpg
阿桑_17172,dataset/facedataset/items/阿桑_17172/2015-09-14-85.jpg
阿桑_17172,dataset/facedataset/items/阿桑_17172/2015-09-14-86.jpg
阿桑_17172,dataset/facedataset/items/阿桑_17172/2015-09-14-87.jpg
阿桑_17172,dataset/facedataset/items/阿桑_17172/2015-09-14-88.jpg
阿桑_17172,dataset/facedataset/items/阿桑_17172/2015-09-14-89.jpg
阿桑_17172,dataset/facedataset/items/阿桑_17172/2015-09-14-9.jpg
阿桑_17172,dataset/facedataset/items/阿桑_17172/2015-09-14-90.jpg
阿桑_17172,dataset/facedataset/items/阿桑_17172/2015-09-14-91.jpg
阿桑_17172,dataset/facedataset/items/阿桑_17172/2015-09-14-92.jpg
阿桑_17172,dataset/facedataset/items/阿桑_17172/2015-09-14-93.jpg
阿桑_17172,dataset/facedataset/items/阿桑_17172/2015-09-14-94.jpg
阿桑_17172,dataset/facedataset/items/阿桑_17172/2015-09-14-95.jpg
阿桑_17172,dataset/facedataset/items/阿桑_17172/2015-09-14-96.jpg
阿桑_17172,dataset/facedataset/items/阿桑_17172/2015-09-14-97.jpg
阿桑_17172,dataset/facedataset/items/阿桑_17172/2015-09-14-98.jpg
阿桑_17172,dataset/facedataset/items/阿桑_17172/2015-09-14-99.jpg
阿瑞巴斯_769963,dataset/facedataset/items/阿瑞巴斯_769963/2015-09-14-1.jpg
阿瑞巴斯_769963,dataset/facedataset/items/阿瑞巴斯_769963/2015-09-14-10.jpg
阿瑞巴斯_769963,dataset/facedataset/items/阿瑞巴斯_769963/2015-09-14-11.jpg
阿瑞巴斯_769963,dataset/facedataset/items/阿瑞巴斯_769963/2015-09-14-12.jpg
阿瑞巴斯_769963,dataset/facedataset/items/阿瑞巴斯_769963/2015-09-14-13.jpg
阿瑞巴斯_769963,dataset/facedataset/items/阿瑞巴斯_769963/2015-09-14-14.jpg
阿瑞巴斯_769963,dataset/facedataset/items/阿瑞巴斯_769963/2015-09-14-15.jpg
阿瑞巴斯_769963,dataset/facedataset/items/阿瑞巴斯_769963/2015-09-14-16.jpg
阿瑞巴斯_769963,dataset/facedataset/items/阿瑞巴斯_769963/2015-09-14-17.jpg
阿瑞巴斯_769963,dataset/facedataset/items/阿瑞巴斯_769963/2015-09-14-18.jpg
阿瑞巴斯_769963,dataset/facedataset/items/阿瑞巴斯_769963/2015-09-14-19.jpg
阿瑞巴斯_769963,dataset/facedataset/items/阿瑞巴斯_769963/2015-09-14-2.jpg
阿瑞巴斯_769963,dataset/facedataset/items/阿瑞巴斯_769963/2015-09-14-20.jpg
阿瑞巴斯_769963,dataset/facedataset/items/阿瑞巴斯_769963/2015-09-14-21.jpg
阿瑞巴斯_769963,dataset/facedataset/items/阿瑞巴斯_769963/2015-09-14-22.jpg
阿瑞巴斯_769963,dataset/facedataset/items/阿瑞巴斯_769963/2015-09-14-23.jpg
阿瑞巴斯_769963,dataset/facedataset/items/阿瑞巴斯_769963/2015-09-14-24.jpg
阿瑞巴斯_769963,dataset/facedataset/items/阿瑞巴斯_769963/2015-09-14-25.jpg
阿瑞巴斯_769963,dataset/facedataset/items/阿瑞巴斯_769963/2015-09-14-26.jpg
阿瑞巴斯_769963,dataset/facedataset/items/阿瑞巴斯_769963/2015-09-14-27.jpg
阿瑞巴斯_769963,dataset/facedataset/items/阿瑞巴斯_769963/2015-09-14-28.jpg
阿瑞巴斯_769963,dataset/facedataset/items/阿瑞巴斯_769963/2015-09-14-29.jpg
阿瑞巴斯_769963,dataset/facedataset/items/阿瑞巴斯_769963/2015-09-14-3.jpg
阿瑞巴斯_769963,dataset/facedataset/items/阿瑞巴斯_769963/2015-09-14-30.jpg
阿瑞巴斯_769963,dataset/facedataset/items/阿瑞巴斯_769963/2015-09-14-31.jpg
阿瑞巴斯_769963,dataset/facedataset/items/阿瑞巴斯_769963/2015-09-14-32.jpg
阿瑞巴斯_769963,dataset/facedataset/items/阿瑞巴斯_769963/2015-09-14-33.jpg
阿瑞巴斯_769963,dataset/facedataset/items/阿瑞巴斯_769963/2015-09-14-34.jpg
阿瑞巴斯_769963,dataset/facedataset/items/阿瑞巴斯_769963/2015-09-14-35.jpg
阿瑞巴斯_769963,dataset/facedataset/items/阿瑞巴斯_769963/2015-09-14-36.jpg
阿瑞巴斯_769963,dataset/facedataset/items/阿瑞巴斯_769963/2015-09-14-37.jpg
阿瑞巴斯_769963,dataset/facedataset/items/阿瑞巴斯_769963/2015-09-14-38.jpg
阿瑞巴斯_769963,dataset/facedataset/items/阿瑞巴斯_769963/2015-09-14-39.jpg
阿瑞巴斯_769963,dataset/facedataset/items/阿瑞巴斯_769963/2015-09-14-4.jpg
阿瑞巴斯_769963,dataset/facedataset/items/阿瑞巴斯_769963/2015-09-14-40.jpg
阿瑞巴斯_769963,dataset/facedataset/items/阿瑞巴斯_769963/2015-09-14-41.jpg
阿瑞巴斯_769963,dataset/facedataset/items/阿瑞巴斯_769963/2015-09-14-42.jpg
阿瑞巴斯_769963,dataset/facedataset/items/阿瑞巴斯_769963/2015-09-14-43.jpg
阿瑞巴斯_769963,dataset/facedataset/items/阿瑞巴斯_769963/2015-09-14-44.jpg
阿瑞巴斯_769963,dataset/facedataset/items/阿瑞巴斯_769963/2015-09-14-45.jpg
阿瑞巴斯_769963,dataset/facedataset/items/阿瑞巴斯_769963/2015-09-14-46.jpg
阿瑞巴斯_769963,dataset/facedataset/items/阿瑞巴斯_769963/2015-09-14-47.jpg
阿瑞巴斯_769963,dataset/facedataset/items/阿瑞巴斯_769963/2015-09-14-5.jpg
阿瑞巴斯_769963,dataset/facedataset/items/阿瑞巴斯_769963/2015-09-14-6.jpg
阿瑞巴斯_769963,dataset/facedataset/items/阿瑞巴斯_769963/2015-09-14-7.jpg
阿瑞巴斯_769963,dataset/facedataset/items/阿瑞巴斯_769963/2015-09-14-8.jpg
阿瑞巴斯_769963,dataset/facedataset/items/阿瑞巴斯_769963/2015-09-14-9.jpg
阿穆隆_945066,dataset/facedataset/items/阿穆隆_945066/2015-09-14-1.jpg
阿穆隆_945066,dataset/facedataset/items/阿穆隆_945066/2015-09-14-10.jpg
阿穆隆_945066,dataset/facedataset/items/阿穆隆_945066/2015-09-14-100.jpg
阿穆隆_945066,dataset/facedataset/items/阿穆隆_945066/2015-09-14-101.jpg
阿穆隆_945066,dataset/facedataset/items/阿穆隆_945066/2015-09-14-102.jpg
阿穆隆_945066,dataset/facedataset/items/阿穆隆_945066/2015-09-14-103.jpg
阿穆隆_945066,dataset/facedataset/items/阿穆隆_945066/2015-09-14-104.jpg
阿穆隆_945066,dataset/facedataset/items/阿穆隆_945066/2015-09-14-105.jpg
阿穆隆_945066,dataset/facedataset/items/阿穆隆_945066/2015-09-14-106.jpg
阿穆隆_945066,dataset/facedataset/items/阿穆隆_945066/2015-09-14-107.jpg
阿穆隆_945066,dataset/facedataset/items/阿穆隆_945066/2015-09-14-108.jpg
阿穆隆_945066,dataset/facedataset/items/阿穆隆_945066/2015-09-14-109.jpg
阿穆隆_945066,dataset/facedataset/items/阿穆隆_945066/2015-09-14-11.jpg
阿穆隆_945066,dataset/facedataset/items/阿穆隆_945066/2015-09-14-110.jpg
阿穆隆_945066,dataset/facedataset/items/阿穆隆_945066/2015-09-14-111.jpg
阿穆隆_945066,dataset/facedataset/items/阿穆隆_945066/2015-09-14-112.jpg
阿穆隆_945066,dataset/facedataset/items/阿穆隆_945066/2015-09-14-113.jpg
阿穆隆_945066,dataset/facedataset/items/阿穆隆_945066/2015-09-14-114.jpg
阿穆隆_945066,dataset/facedataset/items/阿穆隆_945066/2015-09-14-115.jpg
阿穆隆_945066,dataset/facedataset/items/阿穆隆_945066/2015-09-14-116.jpg
阿穆隆_945066,dataset/facedataset/items/阿穆隆_945066/2015-09-14-117.jpg
阿穆隆_945066,dataset/facedataset/items/阿穆隆_945066/2015-09-14-118.jpg
阿穆隆_945066,dataset/facedataset/items/阿穆隆_945066/2015-09-14-119.jpg
阿穆隆_945066,dataset/facedataset/items/阿穆隆_945066/2015-09-14-12.jpg
阿穆隆_945066,dataset/facedataset/items/阿穆隆_945066/2015-09-14-120.jpg
阿穆隆_945066,dataset/facedataset/items/阿穆隆_945066/2015-09-14-121.jpg
阿穆隆_945066,dataset/facedataset/items/阿穆隆_945066/2015-09-14-122.jpg
阿穆隆_945066,dataset/facedataset/items/阿穆隆_945066/2015-09-14-123.jpg
阿穆隆_945066,dataset/facedataset/items/阿穆隆_945066/2015-09-14-124.jpg
阿穆隆_945066,dataset/facedataset/items/阿穆隆_945066/2015-09-14-125.jpg
阿穆隆_945066,dataset/facedataset/items/阿穆隆_945066/2015-09-14-126.jpg
阿穆隆_945066,dataset/facedataset/items/阿穆隆_945066/2015-09-14-127.jpg
阿穆隆_945066,dataset/facedataset/items/阿穆隆_945066/2015-09-14-128.jpg
阿穆隆_945066,dataset/facedataset/items/阿穆隆_945066/2015-09-14-129.jpg
阿穆隆_945066,dataset/facedataset/items/阿穆隆_945066/2015-09-14-13.jpg
阿穆隆_945066,dataset/facedataset/items/阿穆隆_945066/2015-09-14-130.jpg
阿穆隆_945066,dataset/facedataset/items/阿穆隆_945066/2015-09-14-131.jpg
阿穆隆_945066,dataset/facedataset/items/阿穆隆_945066/2015-09-14-132.jpg
阿穆隆_945066,dataset/facedataset/items/阿穆隆_945066/2015-09-14-133.jpg
阿穆隆_945066,dataset/facedataset/items/阿穆隆_945066/2015-09-14-134.jpg
阿穆隆_945066,dataset/facedataset/items/阿穆隆_945066/2015-09-14-135.jpg
阿穆隆_945066,dataset/facedataset/items/阿穆隆_945066/2015-09-14-136.jpg
阿穆隆_945066,dataset/facedataset/items/阿穆隆_945066/2015-09-14-137.jpg
阿穆隆_945066,dataset/facedataset/items/阿穆隆_945066/2015-09-14-138.jpg
阿穆隆_945066,dataset/facedataset/items/阿穆隆_945066/2015-09-14-139.jpg
阿穆隆_945066,dataset/facedataset/items/阿穆隆_945066/2015-09-14-14.jpg
阿穆隆_945066,dataset/facedataset/items/阿穆隆_945066/2015-09-14-140.jpg
阿穆隆_945066,dataset/facedataset/items/阿穆隆_945066/2015-09-14-141.jpg
阿穆隆_945066,dataset/facedataset/items/阿穆隆_945066/2015-09-14-142.jpg
阿穆隆_945066,dataset/facedataset/items/阿穆隆_945066/2015-09-14-143.jpg
阿穆隆_945066,dataset/facedataset/items/阿穆隆_945066/2015-09-14-144.jpg
阿穆隆_945066,dataset/facedataset/items/阿穆隆_945066/2015-09-14-145.jpg
阿穆隆_945066,dataset/facedataset/items/阿穆隆_945066/2015-09-14-146.jpg
阿穆隆_945066,dataset/facedataset/items/阿穆隆_945066/2015-09-14-147.jpg
阿穆隆_945066,dataset/facedataset/items/阿穆隆_945066/2015-09-14-148.jpg
阿穆隆_945066,dataset/facedataset/items/阿穆隆_945066/2015-09-14-149.jpg
阿穆隆_945066,dataset/facedataset/items/阿穆隆_945066/2015-09-14-15.jpg
阿穆隆_945066,dataset/facedataset/items/阿穆隆_945066/2015-09-14-150.jpg
阿穆隆_945066,dataset/facedataset/items/阿穆隆_945066/2015-09-14-16.jpg
阿穆隆_945066,dataset/facedataset/items/阿穆隆_945066/2015-09-14-17.jpg
阿穆隆_945066,dataset/facedataset/items/阿穆隆_945066/2015-09-14-18.jpg
阿穆隆_945066,dataset/facedataset/items/阿穆隆_945066/2015-09-14-19.jpg
阿穆隆_945066,dataset/facedataset/items/阿穆隆_945066/2015-09-14-2.jpg
阿穆隆_945066,dataset/facedataset/items/阿穆隆_945066/2015-09-14-20.jpg
阿穆隆_945066,dataset/facedataset/items/阿穆隆_945066/2015-09-14-21.jpg
阿穆隆_945066,dataset/facedataset/items/阿穆隆_945066/2015-09-14-22.jpg
阿穆隆_945066,dataset/facedataset/items/阿穆隆_945066/2015-09-14-23.jpg
阿穆隆_945066,dataset/facedataset/items/阿穆隆_945066/2015-09-14-24.jpg
阿穆隆_945066,dataset/facedataset/items/阿穆隆_945066/2015-09-14-25.jpg
阿穆隆_945066,dataset/facedataset/items/阿穆隆_945066/2015-09-14-26.jpg
阿穆隆_945066,dataset/facedataset/items/阿穆隆_945066/2015-09-14-27.jpg
阿穆隆_945066,dataset/facedataset/items/阿穆隆_945066/2015-09-14-28.jpg
阿穆隆_945066,dataset/facedataset/items/阿穆隆_945066/2015-09-14-29.jpg
阿穆隆_945066,dataset/facedataset/items/阿穆隆_945066/2015-09-14-3.jpg
阿穆隆_945066,dataset/facedataset/items/阿穆隆_945066/2015-09-14-30.jpg
阿穆隆_945066,dataset/facedataset/items/阿穆隆_945066/2015-09-14-31.jpg
阿穆隆_945066,dataset/facedataset/items/阿穆隆_945066/2015-09-14-32.jpg
阿穆隆_945066,dataset/facedataset/items/阿穆隆_945066/2015-09-14-33.jpg
阿穆隆_945066,dataset/facedataset/items/阿穆隆_945066/2015-09-14-34.jpg
阿穆隆_945066,dataset/facedataset/items/阿穆隆_945066/2015-09-14-35.jpg
阿穆隆_945066,dataset/facedataset/items/阿穆隆_945066/2015-09-14-36.jpg
阿穆隆_945066,dataset/facedataset/items/阿穆隆_945066/2015-09-14-37.jpg
阿穆隆_945066,dataset/facedataset/items/阿穆隆_945066/2015-09-14-38.jpg
阿穆隆_945066,dataset/facedataset/items/阿穆隆_945066/2015-09-14-39.jpg
阿穆隆_945066,dataset/facedataset/items/阿穆隆_945066/2015-09-14-4.jpg
阿穆隆_945066,dataset/facedataset/items/阿穆隆_945066/2015-09-14-40.jpg
阿穆隆_945066,dataset/facedataset/items/阿穆隆_945066/2015-09-14-41.jpg
阿穆隆_945066,dataset/facedataset/items/阿穆隆_945066/2015-09-14-42.jpg
阿穆隆_945066,dataset/facedataset/items/阿穆隆_945066/2015-09-14-43.jpg
阿穆隆_945066,dataset/facedataset/items/阿穆隆_945066/2015-09-14-44.jpg
阿穆隆_945066,dataset/facedataset/items/阿穆隆_945066/2015-09-14-45.jpg
阿穆隆_945066,dataset/facedataset/items/阿穆隆_945066/2015-09-14-46.jpg
阿穆隆_945066,dataset/facedataset/items/阿穆隆_945066/2015-09-14-47.jpg
阿穆隆_945066,dataset/facedataset/items/阿穆隆_945066/2015-09-14-48.jpg
阿穆隆_945066,dataset/facedataset/items/阿穆隆_945066/2015-09-14-49.jpg
阿穆隆_945066,dataset/facedataset/items/阿穆隆_945066/2015-09-14-5.jpg
阿穆隆_945066,dataset/facedataset/items/阿穆隆_945066/2015-09-14-50.jpg
阿穆隆_945066,dataset/facedataset/items/阿穆隆_945066/2015-09-14-51.jpg
阿穆隆_945066,dataset/facedataset/items/阿穆隆_945066/2015-09-14-52.jpg
阿穆隆_945066,dataset/facedataset/items/阿穆隆_945066/2015-09-14-53.jpg
阿穆隆_945066,dataset/facedataset/items/阿穆隆_945066/2015-09-14-54.jpg
阿穆隆_945066,dataset/facedataset/items/阿穆隆_945066/2015-09-14-55.jpg
阿穆隆_945066,dataset/facedataset/items/阿穆隆_945066/2015-09-14-56.jpg
阿穆隆_945066,dataset/facedataset/items/阿穆隆_945066/2015-09-14-57.jpg
阿穆隆_945066,dataset/facedataset/items/阿穆隆_945066/2015-09-14-58.jpg
阿穆隆_945066,dataset/facedataset/items/阿穆隆_945066/2015-09-14-59.jpg
阿穆隆_945066,dataset/facedataset/items/阿穆隆_945066/2015-09-14-6.jpg
阿穆隆_945066,dataset/facedataset/items/阿穆隆_945066/2015-09-14-60.jpg
阿穆隆_945066,dataset/facedataset/items/阿穆隆_945066/2015-09-14-61.jpg
阿穆隆_945066,dataset/facedataset/items/阿穆隆_945066/2015-09-14-62.jpg
阿穆隆_945066,dataset/facedataset/items/阿穆隆_945066/2015-09-14-63.jpg
阿穆隆_945066,dataset/facedataset/items/阿穆隆_945066/2015-09-14-64.jpg
阿穆隆_945066,dataset/facedataset/items/阿穆隆_945066/2015-09-14-65.jpg
阿穆隆_945066,dataset/facedataset/items/阿穆隆_945066/2015-09-14-66.jpg
阿穆隆_945066,dataset/facedataset/items/阿穆隆_945066/2015-09-14-67.jpg
阿穆隆_945066,dataset/facedataset/items/阿穆隆_945066/2015-09-14-68.jpg
阿穆隆_945066,dataset/facedataset/items/阿穆隆_945066/2015-09-14-69.jpg
阿穆隆_945066,dataset/facedataset/items/阿穆隆_945066/2015-09-14-7.jpg
阿穆隆_945066,dataset/facedataset/items/阿穆隆_945066/2015-09-14-70.jpg
阿穆隆_945066,dataset/facedataset/items/阿穆隆_945066/2015-09-14-71.jpg
阿穆隆_945066,dataset/facedataset/items/阿穆隆_945066/2015-09-14-72.jpg
阿穆隆_945066,dataset/facedataset/items/阿穆隆_945066/2015-09-14-73.jpg
阿穆隆_945066,dataset/facedataset/items/阿穆隆_945066/2015-09-14-74.jpg
阿穆隆_945066,dataset/facedataset/items/阿穆隆_945066/2015-09-14-75.jpg
阿穆隆_945066,dataset/facedataset/items/阿穆隆_945066/2015-09-14-76.jpg
阿穆隆_945066,dataset/facedataset/items/阿穆隆_945066/2015-09-14-77.jpg
阿穆隆_945066,dataset/facedataset/items/阿穆隆_945066/2015-09-14-78.jpg
阿穆隆_945066,dataset/facedataset/items/阿穆隆_945066/2015-09-14-79.jpg
阿穆隆_945066,dataset/facedataset/items/阿穆隆_945066/2015-09-14-8.jpg
阿穆隆_945066,dataset/facedataset/items/阿穆隆_945066/2015-09-14-80.jpg
阿穆隆_945066,dataset/facedataset/items/阿穆隆_945066/2015-09-14-81.jpg
阿穆隆_945066,dataset/facedataset/items/阿穆隆_945066/2015-09-14-82.jpg
阿穆隆_945066,dataset/facedataset/items/阿穆隆_945066/2015-09-14-83.jpg
阿穆隆_945066,dataset/facedataset/items/阿穆隆_945066/2015-09-14-84.jpg
阿穆隆_945066,dataset/facedataset/items/阿穆隆_945066/2015-09-14-85.jpg
阿穆隆_945066,dataset/facedataset/items/阿穆隆_945066/2015-09-14-86.jpg
阿穆隆_945066,dataset/facedataset/items/阿穆隆_945066/2015-09-14-87.jpg
阿穆隆_945066,dataset/facedataset/items/阿穆隆_945066/2015-09-14-88.jpg
阿穆隆_945066,dataset/facedataset/items/阿穆隆_945066/2015-09-14-89.jpg
阿穆隆_945066,dataset/facedataset/items/阿穆隆_945066/2015-09-14-9.jpg
阿穆隆_945066,dataset/facedataset/items/阿穆隆_945066/2015-09-14-90.jpg
阿穆隆_945066,dataset/facedataset/items/阿穆隆_945066/2015-09-14-91.jpg
阿穆隆_945066,dataset/facedataset/items/阿穆隆_945066/2015-09-14-92.jpg
阿穆隆_945066,dataset/facedataset/items/阿穆隆_945066/2015-09-14-93.jpg
阿穆隆_945066,dataset/facedataset/items/阿穆隆_945066/2015-09-14-94.jpg
阿穆隆_945066,dataset/facedataset/items/阿穆隆_945066/2015-09-14-95.jpg
阿穆隆_945066,dataset/facedataset/items/阿穆隆_945066/2015-09-14-96.jpg
阿穆隆_945066,dataset/facedataset/items/阿穆隆_945066/2015-09-14-97.jpg
阿穆隆_945066,dataset/facedataset/items/阿穆隆_945066/2015-09-14-98.jpg
阿穆隆_945066,dataset/facedataset/items/阿穆隆_945066/2015-09-14-99.jpg
阿罗约_42220,dataset/facedataset/items/阿罗约_42220/2015-09-14-1.jpg
阿罗约_42220,dataset/facedataset/items/阿罗约_42220/2015-09-14-10.jpg
阿罗约_42220,dataset/facedataset/items/阿罗约_42220/2015-09-14-2.jpg
阿罗约_42220,dataset/facedataset/items/阿罗约_42220/2015-09-14-3.jpg
阿罗约_42220,dataset/facedataset/items/阿罗约_42220/2015-09-14-4.jpg
阿罗约_42220,dataset/facedataset/items/阿罗约_42220/2015-09-14-5.jpg
阿罗约_42220,dataset/facedataset/items/阿罗约_42220/2015-09-14-6.jpg
阿罗约_42220,dataset/facedataset/items/阿罗约_42220/2015-09-14-7.jpg
阿罗约_42220,dataset/facedataset/items/阿罗约_42220/2015-09-14-8.jpg
阿罗约_42220,dataset/facedataset/items/阿罗约_42220/2015-09-14-9.jpg
阿里_5094656,dataset/facedataset/items/阿里_5094656/2015-09-14-1.jpg
阿里_5094656,dataset/facedataset/items/阿里_5094656/2015-09-14-10.jpg
阿里_5094656,dataset/facedataset/items/阿里_5094656/2015-09-14-2.jpg
阿里_5094656,dataset/facedataset/items/阿里_5094656/2015-09-14-3.jpg
阿里_5094656,dataset/facedataset/items/阿里_5094656/2015-09-14-4.jpg
阿里_5094656,dataset/facedataset/items/阿里_5094656/2015-09-14-5.jpg
阿里_5094656,dataset/facedataset/items/阿里_5094656/2015-09-14-6.jpg
阿里_5094656,dataset/facedataset/items/阿里_5094656/2015-09-14-7.jpg
阿里_5094656,dataset/facedataset/items/阿里_5094656/2015-09-14-8.jpg
阿里_5094656,dataset/facedataset/items/阿里_5094656/2015-09-14-9.jpg
阿雅_10878306,dataset/facedataset/items/阿雅_10878306/2015-09-14-1.jpg
阿雅_10878306,dataset/facedataset/items/阿雅_10878306/2015-09-14-10.jpg
阿雅_10878306,dataset/facedataset/items/阿雅_10878306/2015-09-14-100.jpg
阿雅_10878306,dataset/facedataset/items/阿雅_10878306/2015-09-14-101.jpg
阿雅_10878306,dataset/facedataset/items/阿雅_10878306/2015-09-14-102.jpg
阿雅_10878306,dataset/facedataset/items/阿雅_10878306/2015-09-14-103.jpg
阿雅_10878306,dataset/facedataset/items/阿雅_10878306/2015-09-14-104.jpg
阿雅_10878306,dataset/facedataset/items/阿雅_10878306/2015-09-14-105.jpg
阿雅_10878306,dataset/facedataset/items/阿雅_10878306/2015-09-14-106.jpg
阿雅_10878306,dataset/facedataset/items/阿雅_10878306/2015-09-14-107.jpg
阿雅_10878306,dataset/facedataset/items/阿雅_10878306/2015-09-14-108.jpg
阿雅_10878306,dataset/facedataset/items/阿雅_10878306/2015-09-14-109.jpg
阿雅_10878306,dataset/facedataset/items/阿雅_10878306/2015-09-14-11.jpg
阿雅_10878306,dataset/facedataset/items/阿雅_10878306/2015-09-14-110.jpg
阿雅_10878306,dataset/facedataset/items/阿雅_10878306/2015-09-14-111.jpg
阿雅_10878306,dataset/facedataset/items/阿雅_10878306/2015-09-14-112.jpg
阿雅_10878306,dataset/facedataset/items/阿雅_10878306/2015-09-14-113.jpg
阿雅_10878306,dataset/facedataset/items/阿雅_10878306/2015-09-14-114.jpg
阿雅_10878306,dataset/facedataset/items/阿雅_10878306/2015-09-14-115.jpg
阿雅_10878306,dataset/facedataset/items/阿雅_10878306/2015-09-14-116.jpg
阿雅_10878306,dataset/facedataset/items/阿雅_10878306/2015-09-14-117.jpg
阿雅_10878306,dataset/facedataset/items/阿雅_10878306/2015-09-14-118.jpg
阿雅_10878306,dataset/facedataset/items/阿雅_10878306/2015-09-14-119.jpg
阿雅_10878306,dataset/facedataset/items/阿雅_10878306/2015-09-14-12.jpg
阿雅_10878306,dataset/facedataset/items/阿雅_10878306/2015-09-14-120.jpg
阿雅_10878306,dataset/facedataset/items/阿雅_10878306/2015-09-14-121.jpg
阿雅_10878306,dataset/facedataset/items/阿雅_10878306/2015-09-14-122.jpg
阿雅_10878306,dataset/facedataset/items/阿雅_10878306/2015-09-14-123.jpg
阿雅_10878306,dataset/facedataset/items/阿雅_10878306/2015-09-14-124.jpg
阿雅_10878306,dataset/facedataset/items/阿雅_10878306/2015-09-14-125.jpg
阿雅_10878306,dataset/facedataset/items/阿雅_10878306/2015-09-14-126.jpg
阿雅_10878306,dataset/facedataset/items/阿雅_10878306/2015-09-14-127.jpg
阿雅_10878306,dataset/facedataset/items/阿雅_10878306/2015-09-14-128.jpg
阿雅_10878306,dataset/facedataset/items/阿雅_10878306/2015-09-14-129.jpg
阿雅_10878306,dataset/facedataset/items/阿雅_10878306/2015-09-14-13.jpg
阿雅_10878306,dataset/facedataset/items/阿雅_10878306/2015-09-14-130.jpg
阿雅_10878306,dataset/facedataset/items/阿雅_10878306/2015-09-14-131.jpg
阿雅_10878306,dataset/facedataset/items/阿雅_10878306/2015-09-14-132.jpg
阿雅_10878306,dataset/facedataset/items/阿雅_10878306/2015-09-14-133.jpg
阿雅_10878306,dataset/facedataset/items/阿雅_10878306/2015-09-14-134.jpg
阿雅_10878306,dataset/facedataset/items/阿雅_10878306/2015-09-14-135.jpg
阿雅_10878306,dataset/facedataset/items/阿雅_10878306/2015-09-14-136.jpg
阿雅_10878306,dataset/facedataset/items/阿雅_10878306/2015-09-14-137.jpg
阿雅_10878306,dataset/facedataset/items/阿雅_10878306/2015-09-14-138.jpg
阿雅_10878306,dataset/facedataset/items/阿雅_10878306/2015-09-14-139.jpg
阿雅_10878306,dataset/facedataset/items/阿雅_10878306/2015-09-14-14.jpg
阿雅_10878306,dataset/facedataset/items/阿雅_10878306/2015-09-14-140.jpg
阿雅_10878306,dataset/facedataset/items/阿雅_10878306/2015-09-14-141.jpg
阿雅_10878306,dataset/facedataset/items/阿雅_10878306/2015-09-14-142.jpg
阿雅_10878306,dataset/facedataset/items/阿雅_10878306/2015-09-14-143.jpg
阿雅_10878306,dataset/facedataset/items/阿雅_10878306/2015-09-14-144.jpg
阿雅_10878306,dataset/facedataset/items/阿雅_10878306/2015-09-14-145.jpg
阿雅_10878306,dataset/facedataset/items/阿雅_10878306/2015-09-14-146.jpg
阿雅_10878306,dataset/facedataset/items/阿雅_10878306/2015-09-14-147.jpg
阿雅_10878306,dataset/facedataset/items/阿雅_10878306/2015-09-14-148.jpg
阿雅_10878306,dataset/facedataset/items/阿雅_10878306/2015-09-14-149.jpg
阿雅_10878306,dataset/facedataset/items/阿雅_10878306/2015-09-14-15.jpg
阿雅_10878306,dataset/facedataset/items/阿雅_10878306/2015-09-14-150.jpg
阿雅_10878306,dataset/facedataset/items/阿雅_10878306/2015-09-14-151.jpg
阿雅_10878306,dataset/facedataset/items/阿雅_10878306/2015-09-14-152.jpg
阿雅_10878306,dataset/facedataset/items/阿雅_10878306/2015-09-14-153.jpg
阿雅_10878306,dataset/facedataset/items/阿雅_10878306/2015-09-14-154.jpg
阿雅_10878306,dataset/facedataset/items/阿雅_10878306/2015-09-14-155.jpg
阿雅_10878306,dataset/facedataset/items/阿雅_10878306/2015-09-14-156.jpg
阿雅_10878306,dataset/facedataset/items/阿雅_10878306/2015-09-14-157.jpg
阿雅_10878306,dataset/facedataset/items/阿雅_10878306/2015-09-14-158.jpg
阿雅_10878306,dataset/facedataset/items/阿雅_10878306/2015-09-14-159.jpg
阿雅_10878306,dataset/facedataset/items/阿雅_10878306/2015-09-14-16.jpg
阿雅_10878306,dataset/facedataset/items/阿雅_10878306/2015-09-14-160.jpg
阿雅_10878306,dataset/facedataset/items/阿雅_10878306/2015-09-14-161.jpg
阿雅_10878306,dataset/facedataset/items/阿雅_10878306/2015-09-14-162.jpg
阿雅_10878306,dataset/facedataset/items/阿雅_10878306/2015-09-14-163.jpg
阿雅_10878306,dataset/facedataset/items/阿雅_10878306/2015-09-14-164.jpg
阿雅_10878306,dataset/facedataset/items/阿雅_10878306/2015-09-14-165.jpg
阿雅_10878306,dataset/facedataset/items/阿雅_10878306/2015-09-14-166.jpg
阿雅_10878306,dataset/facedataset/items/阿雅_10878306/2015-09-14-167.jpg
阿雅_10878306,dataset/facedataset/items/阿雅_10878306/2015-09-14-168.jpg
阿雅_10878306,dataset/facedataset/items/阿雅_10878306/2015-09-14-169.jpg
阿雅_10878306,dataset/facedataset/items/阿雅_10878306/2015-09-14-17.jpg
阿雅_10878306,dataset/facedataset/items/阿雅_10878306/2015-09-14-170.jpg
阿雅_10878306,dataset/facedataset/items/阿雅_10878306/2015-09-14-171.jpg
阿雅_10878306,dataset/facedataset/items/阿雅_10878306/2015-09-14-172.jpg
阿雅_10878306,dataset/facedataset/items/阿雅_10878306/2015-09-14-173.jpg
阿雅_10878306,dataset/facedataset/items/阿雅_10878306/2015-09-14-174.jpg
阿雅_10878306,dataset/facedataset/items/阿雅_10878306/2015-09-14-175.jpg
阿雅_10878306,dataset/facedataset/items/阿雅_10878306/2015-09-14-176.jpg
阿雅_10878306,dataset/facedataset/items/阿雅_10878306/2015-09-14-177.jpg
阿雅_10878306,dataset/facedataset/items/阿雅_10878306/2015-09-14-178.jpg
阿雅_10878306,dataset/facedataset/items/阿雅_10878306/2015-09-14-179.jpg
阿雅_10878306,dataset/facedataset/items/阿雅_10878306/2015-09-14-18.jpg
阿雅_10878306,dataset/facedataset/items/阿雅_10878306/2015-09-14-180.jpg
阿雅_10878306,dataset/facedataset/items/阿雅_10878306/2015-09-14-181.jpg
阿雅_10878306,dataset/facedataset/items/阿雅_10878306/2015-09-14-182.jpg
阿雅_10878306,dataset/facedataset/items/阿雅_10878306/2015-09-14-183.jpg
阿雅_10878306,dataset/facedataset/items/阿雅_10878306/2015-09-14-184.jpg
阿雅_10878306,dataset/facedataset/items/阿雅_10878306/2015-09-14-185.jpg
阿雅_10878306,dataset/facedataset/items/阿雅_10878306/2015-09-14-186.jpg
阿雅_10878306,dataset/facedataset/items/阿雅_10878306/2015-09-14-187.jpg
阿雅_10878306,dataset/facedataset/items/阿雅_10878306/2015-09-14-188.jpg
阿雅_10878306,dataset/facedataset/items/阿雅_10878306/2015-09-14-189.jpg
阿雅_10878306,dataset/facedataset/items/阿雅_10878306/2015-09-14-19.jpg
阿雅_10878306,dataset/facedataset/items/阿雅_10878306/2015-09-14-190.jpg
阿雅_10878306,dataset/facedataset/items/阿雅_10878306/2015-09-14-191.jpg
阿雅_10878306,dataset/facedataset/items/阿雅_10878306/2015-09-14-192.jpg
阿雅_10878306,dataset/facedataset/items/阿雅_10878306/2015-09-14-193.jpg
阿雅_10878306,dataset/facedataset/items/阿雅_10878306/2015-09-14-194.jpg
阿雅_10878306,dataset/facedataset/items/阿雅_10878306/2015-09-14-195.jpg
阿雅_10878306,dataset/facedataset/items/阿雅_10878306/2015-09-14-196.jpg
阿雅_10878306,dataset/facedataset/items/阿雅_10878306/2015-09-14-197.jpg
阿雅_10878306,dataset/facedataset/items/阿雅_10878306/2015-09-14-198.jpg
阿雅_10878306,dataset/facedataset/items/阿雅_10878306/2015-09-14-199.jpg
阿雅_10878306,dataset/facedataset/items/阿雅_10878306/2015-09-14-2.jpg
阿雅_10878306,dataset/facedataset/items/阿雅_10878306/2015-09-14-20.jpg
阿雅_10878306,dataset/facedataset/items/阿雅_10878306/2015-09-14-200.jpg
阿雅_10878306,dataset/facedataset/items/阿雅_10878306/2015-09-14-201.jpg
阿雅_10878306,dataset/facedataset/items/阿雅_10878306/2015-09-14-202.jpg
阿雅_10878306,dataset/facedataset/items/阿雅_10878306/2015-09-14-203.jpg
阿雅_10878306,dataset/facedataset/items/阿雅_10878306/2015-09-14-21.jpg
阿雅_10878306,dataset/facedataset/items/阿雅_10878306/2015-09-14-22.jpg
阿雅_10878306,dataset/facedataset/items/阿雅_10878306/2015-09-14-23.jpg
阿雅_10878306,dataset/facedataset/items/阿雅_10878306/2015-09-14-24.jpg
阿雅_10878306,dataset/facedataset/items/阿雅_10878306/2015-09-14-25.jpg
阿雅_10878306,dataset/facedataset/items/阿雅_10878306/2015-09-14-26.jpg
阿雅_10878306,dataset/facedataset/items/阿雅_10878306/2015-09-14-27.jpg
阿雅_10878306,dataset/facedataset/items/阿雅_10878306/2015-09-14-28.jpg
阿雅_10878306,dataset/facedataset/items/阿雅_10878306/2015-09-14-29.jpg
阿雅_10878306,dataset/facedataset/items/阿雅_10878306/2015-09-14-3.jpg
阿雅_10878306,dataset/facedataset/items/阿雅_10878306/2015-09-14-30.jpg
阿雅_10878306,dataset/facedataset/items/阿雅_10878306/2015-09-14-31.jpg
阿雅_10878306,dataset/facedataset/items/阿雅_10878306/2015-09-14-32.jpg
阿雅_10878306,dataset/facedataset/items/阿雅_10878306/2015-09-14-33.jpg
阿雅_10878306,dataset/facedataset/items/阿雅_10878306/2015-09-14-34.jpg
阿雅_10878306,dataset/facedataset/items/阿雅_10878306/2015-09-14-35.jpg
阿雅_10878306,dataset/facedataset/items/阿雅_10878306/2015-09-14-36.jpg
阿雅_10878306,dataset/facedataset/items/阿雅_10878306/2015-09-14-37.jpg
阿雅_10878306,dataset/facedataset/items/阿雅_10878306/2015-09-14-38.jpg
阿雅_10878306,dataset/facedataset/items/阿雅_10878306/2015-09-14-39.jpg
阿雅_10878306,dataset/facedataset/items/阿雅_10878306/2015-09-14-4.jpg
阿雅_10878306,dataset/facedataset/items/阿雅_10878306/2015-09-14-40.jpg
阿雅_10878306,dataset/facedataset/items/阿雅_10878306/2015-09-14-41.jpg
阿雅_10878306,dataset/facedataset/items/阿雅_10878306/2015-09-14-42.jpg
阿雅_10878306,dataset/facedataset/items/阿雅_10878306/2015-09-14-43.jpg
阿雅_10878306,dataset/facedataset/items/阿雅_10878306/2015-09-14-44.jpg
阿雅_10878306,dataset/facedataset/items/阿雅_10878306/2015-09-14-45.jpg
阿雅_10878306,dataset/facedataset/items/阿雅_10878306/2015-09-14-46.jpg
阿雅_10878306,dataset/facedataset/items/阿雅_10878306/2015-09-14-47.jpg
阿雅_10878306,dataset/facedataset/items/阿雅_10878306/2015-09-14-48.jpg
阿雅_10878306,dataset/facedataset/items/阿雅_10878306/2015-09-14-49.jpg
阿雅_10878306,dataset/facedataset/items/阿雅_10878306/2015-09-14-5.jpg
阿雅_10878306,dataset/facedataset/items/阿雅_10878306/2015-09-14-50.jpg
阿雅_10878306,dataset/facedataset/items/阿雅_10878306/2015-09-14-51.jpg
阿雅_10878306,dataset/facedataset/items/阿雅_10878306/2015-09-14-52.jpg
阿雅_10878306,dataset/facedataset/items/阿雅_10878306/2015-09-14-53.jpg
阿雅_10878306,dataset/facedataset/items/阿雅_10878306/2015-09-14-54.jpg
阿雅_10878306,dataset/facedataset/items/阿雅_10878306/2015-09-14-55.jpg
阿雅_10878306,dataset/facedataset/items/阿雅_10878306/2015-09-14-56.jpg
阿雅_10878306,dataset/facedataset/items/阿雅_10878306/2015-09-14-57.jpg
阿雅_10878306,dataset/facedataset/items/阿雅_10878306/2015-09-14-58.jpg
阿雅_10878306,dataset/facedataset/items/阿雅_10878306/2015-09-14-59.jpg
阿雅_10878306,dataset/facedataset/items/阿雅_10878306/2015-09-14-6.jpg
阿雅_10878306,dataset/facedataset/items/阿雅_10878306/2015-09-14-60.jpg
阿雅_10878306,dataset/facedataset/items/阿雅_10878306/2015-09-14-61.jpg
阿雅_10878306,dataset/facedataset/items/阿雅_10878306/2015-09-14-62.jpg
阿雅_10878306,dataset/facedataset/items/阿雅_10878306/2015-09-14-63.jpg
阿雅_10878306,dataset/facedataset/items/阿雅_10878306/2015-09-14-64.jpg
阿雅_10878306,dataset/facedataset/items/阿雅_10878306/2015-09-14-65.jpg
阿雅_10878306,dataset/facedataset/items/阿雅_10878306/2015-09-14-66.jpg
阿雅_10878306,dataset/facedataset/items/阿雅_10878306/2015-09-14-67.jpg
阿雅_10878306,dataset/facedataset/items/阿雅_10878306/2015-09-14-68.jpg
阿雅_10878306,dataset/facedataset/items/阿雅_10878306/2015-09-14-69.jpg
阿雅_10878306,dataset/facedataset/items/阿雅_10878306/2015-09-14-7.jpg
阿雅_10878306,dataset/facedataset/items/阿雅_10878306/2015-09-14-70.jpg
阿雅_10878306,dataset/facedataset/items/阿雅_10878306/2015-09-14-71.jpg
阿雅_10878306,dataset/facedataset/items/阿雅_10878306/2015-09-14-72.jpg
阿雅_10878306,dataset/facedataset/items/阿雅_10878306/2015-09-14-73.jpg
阿雅_10878306,dataset/facedataset/items/阿雅_10878306/2015-09-14-74.jpg
阿雅_10878306,dataset/facedataset/items/阿雅_10878306/2015-09-14-75.jpg
阿雅_10878306,dataset/facedataset/items/阿雅_10878306/2015-09-14-76.jpg
阿雅_10878306,dataset/facedataset/items/阿雅_10878306/2015-09-14-77.jpg
阿雅_10878306,dataset/facedataset/items/阿雅_10878306/2015-09-14-78.jpg
阿雅_10878306,dataset/facedataset/items/阿雅_10878306/2015-09-14-79.jpg
阿雅_10878306,dataset/facedataset/items/阿雅_10878306/2015-09-14-8.jpg
阿雅_10878306,dataset/facedataset/items/阿雅_10878306/2015-09-14-80.jpg
阿雅_10878306,dataset/facedataset/items/阿雅_10878306/2015-09-14-81.jpg
阿雅_10878306,dataset/facedataset/items/阿雅_10878306/2015-09-14-82.jpg
阿雅_10878306,dataset/facedataset/items/阿雅_10878306/2015-09-14-83.jpg
阿雅_10878306,dataset/facedataset/items/阿雅_10878306/2015-09-14-84.jpg
阿雅_10878306,dataset/facedataset/items/阿雅_10878306/2015-09-14-85.jpg
阿雅_10878306,dataset/facedataset/items/阿雅_10878306/2015-09-14-86.jpg
阿雅_10878306,dataset/facedataset/items/阿雅_10878306/2015-09-14-87.jpg
阿雅_10878306,dataset/facedataset/items/阿雅_10878306/2015-09-14-88.jpg
阿雅_10878306,dataset/facedataset/items/阿雅_10878306/2015-09-14-89.jpg
阿雅_10878306,dataset/facedataset/items/阿雅_10878306/2015-09-14-9.jpg
阿雅_10878306,dataset/facedataset/items/阿雅_10878306/2015-09-14-90.jpg
阿雅_10878306,dataset/facedataset/items/阿雅_10878306/2015-09-14-91.jpg
阿雅_10878306,dataset/facedataset/items/阿雅_10878306/2015-09-14-92.jpg
阿雅_10878306,dataset/facedataset/items/阿雅_10878306/2015-09-14-93.jpg
阿雅_10878306,dataset/facedataset/items/阿雅_10878306/2015-09-14-94.jpg
阿雅_10878306,dataset/facedataset/items/阿雅_10878306/2015-09-14-95.jpg
阿雅_10878306,dataset/facedataset/items/阿雅_10878306/2015-09-14-96.jpg
阿雅_10878306,dataset/facedataset/items/阿雅_10878306/2015-09-14-97.jpg
阿雅_10878306,dataset/facedataset/items/阿雅_10878306/2015-09-14-98.jpg
阿雅_10878306,dataset/facedataset/items/阿雅_10878306/2015-09-14-99.jpg
