埃尔姆,埃尔姆_17411845,dataset/facedataset/standard_item/埃尔姆_17411845.jpg
埃尔姆,埃尔姆_3434070,dataset/facedataset/standard_item/埃尔姆_3434070.jpg
阿信,阿信_4987536,dataset/facedataset/standard_item/阿信_4987536.jpg
阿克谢库马尔,阿克谢库马尔_3726361,dataset/facedataset/standard_item/阿克谢库马尔_3726361.jpg
阿利耶夫,阿利耶夫_7235415,dataset/facedataset/standard_item/阿利耶夫_7235415.jpg
阿奎莱拉,阿奎莱拉_52629,dataset/facedataset/standard_item/阿奎莱拉_52629.jpg
阿弗莱克,阿弗莱克_438029,dataset/facedataset/standard_item/阿弗莱克_438029.jpg
阿弟仔,阿弟仔_24587,dataset/facedataset/standard_item/阿弟仔_24587.jpg
阿德勒,阿德勒_236757,dataset/facedataset/standard_item/阿德勒_236757.jpg
阿德勒,阿德勒_6214766,dataset/facedataset/standard_item/阿德勒_6214766.jpg
阿木,阿木_9403446,dataset/facedataset/standard_item/阿木_9403446.jpg
阿杜,阿杜_17407459,dataset/facedataset/standard_item/阿杜_17407459.jpg
阿桑,阿桑_17172,dataset/facedataset/standard_item/阿桑_17172.jpg
阿瑞巴斯,阿瑞巴斯_769963,dataset/facedataset/standard_item/阿瑞巴斯_769963.png
阿穆隆,阿穆隆_945066,dataset/facedataset/standard_item/阿穆隆_945066.jpg
阿罗约,阿罗约_42220,dataset/facedataset/standard_item/阿罗约_42220.jpg
阿里,阿里_5094656,dataset/facedataset/standard_item/阿里_5094656.jpg
阿雅,阿雅_10878306,dataset/facedataset/standard_item/阿雅_10878306.jpg
